,post_id,body,title,author,up_votes,down_votes,created_utc,url,comments
0,i19uta,"# Welcome to the /r/Bitcoin Sticky FAQ

You've probably been hearing a lot about Bitcoin recently and are wondering what's the big deal?  Most of your questions should be answered by the resources below but if you have additional questions feel free to ask them in the comments.  

It all started with the release of the release of **[Satoshi Nakamoto's whitepaper](https://bitcoin.org/bitcoin.pdf)** however that will probably go over the head of most readers so we recommend the following videos for a good starting point for understanding how bitcoin works and a little about its long term potential:

* [Video 1: Introduction to Bitcoin - Andreas Antonopoulos](https://www.youtube.com/watch?v=l1si5ZWLgy0&amp;list=PLPQwGV1aLnTuN6kdNWlElfr2tzigB9Nnj&amp;index=2&amp;t=1s)
* [Video 2: The Trust Machine](https://www.youtube.com/watch?v=ZKwqNgG-Sv4)
* [Video 3: Bitcoin 101 - Balaji Srinivasan](https://www.youtube.com/watch?v=JIxwTx7o_B4&amp;feature=youtu.be&amp;t=0s)

Some other great resources include [Lopp.net](http://lopp.net/bitcoin.html), the [Princeton crypto series](https://www.reddit.com/r/Bitcoin/comments/7qynvj/dont_panic_just_learn_sixty_free_lectures_from/) and James D'Angelo's [Bitcoin 101 Blackboard series](https://www.youtube.com/watch?v=Bhe61JaNFLU&amp;list=PLzctEq7iZD-7-DgJM604zsndMapn9ff6q&amp;index=7&amp;t=0s).  

Some excellent writing on Bitcoin's value proposition and future can be found at the [Satoshi Nakamoto Institute](http://nakamotoinstitute.org/mempool/).  

Some Bitcoin statistics can be found [here](https://data.bitcoinity.org/bitcoin/hashrate/6m?c=m&amp;g=15&amp;r=week&amp;t=a) and
 [here](https://bitcoinvisuals.com/).  Developer resources can be found [here](https://developer.bitcoin.org/).  Peer-reviewed research papers can be found [here](https://docs.google.com/spreadsheets/d/1VaWhbAj7hWNdiE73P-W-wrl5a0WNgzjofmZXe0Rh5sg).  

Potential upcoming protocol improvements and scaling resources [here](http://diyhpl.us/wiki/transcripts/2018-01-24-rusty-russell-future-bitcoin-tech-directions/) and [here](https://www.reddit.com/r/Bitcoin/comments/56nnd8/the_scaling_bitcoin_website_is_awesome_videos/).  

The number of times Bitcoin was declared dead by the media can be found [here](https://99bitcoins.com/obituary-stats) (LOL!)

## Key properties of Bitcoin

* **Limited Supply** - There will only ever be 21,000,000 bitcoins created and they are issued in a predictable fashion, you can view the inflation schedule [here](https://bashco.github.io/Bitcoin_Monetary_Inflation/).  Once they are all issued Bitcoin will be truly deflationary.  The halving countdown can be found [here](http://bitcoinblockhalf.com/).
* **Open source** - Bitcoin code is fully auditable.  You can read the source code yourself [here](https://github.com/bitcoin/bitcoin).
* **Accountable** - The public ledger is transparent, all transactions are [seen by everyone](https://blockstream.info/).
* **Decentralized** - Bitcoin is globally distributed across thousands of nodes with no single point of failure and as such can't be shut down similar to how [Bittorrent](https://en.wikipedia.org/wiki/BitTorrent) works.  You can even [run a node on a Raspberry Pi](https://stadicus.github.io/RaspiBolt/).  
* **Censorship resistant** - No one can prevent you from interacting with the bitcoin network and no one can censor, alter or block transactions that they disagree with, see [Operation Chokepoint](https://en.wikipedia.org/wiki/Operation_Choke_Point).
* **Push system** - There are [no chargebacks](https://gendal.me/2013/10/21/lessons-from-bitcoin-push-versus-pull/) in bitcoin because only the person who owns the address where the bitcoins reside has the authority to move them.
* **Low fee scaling** - On chain transaction fees depend on network demand and how much priority you wish to assign to the transaction.  Most wallets calculate on chain fees automatically but you can view current fees [here](https://bitcoinfees.earn.com/) and mempool activity [here](https://jochen-hoenicke.de/queue/#0,2w).  On chain fees may rise occasionally due to network demand, however instant micropayments that do not require confirmations are happening via the [Lightning Network](https://www.reddit.com/r/Bitcoin/comments/7pwna9/lightning_network_megathread/), a second layer scaling solution currently rolling out on the Bitcoin mainnet.  
* **Borderless** - No country can stop it from going in/out, even in areas currently unserved by traditional banking as the ledger is [globally distributed](https://bitnodes.earn.com/).
* **Trustless** - Bitcoin solved the [Byzantine's Generals Problem](https://en.wikipedia.org/wiki/Byzantine_fault_tolerance) which means nobody needs to trust anybody for it to work.
* **Pseudonymous** - No need to [expose personal information](http://bitcoinsimplified.org/learn-more/anonymity/) when purchasing with cash or transacting. 
* **Secure** - Encrypted cryptographically and can‚Äôt be [brute forced](http://i.imgur.com/fYFBsqp.jpg) or confiscated with proper key management such as hardware wallets.
* **Programmable** - Individual units of bitcoin can be [programmed to transfer](https://en.bitcoin.it/wiki/Script) based on certain criteria being met
* **Nearly instant** - From a few seconds to a [few minutes](https://www.blockchain.com/charts/median-confirmation-time) depending on need for confirmations.  Transactions are irreversible after one or more confirmations.  
* **Peer-to-peer** - No intermediaries with a cut, no need for [trusted third parties](https://en.wikipedia.org/wiki/Peer-to-peer).
* **Portable** - Bitcoins are digital so they are easier to move than cash or gold.  They can even be transported by simply [memorizing a string of words](https://en.bitcoin.it/wiki/Brainwallet) for wallet recovery (while cool this method is generally not recommended due to potential for insecure key generation by inexperienced users.  Hardware wallets are the preferred method for new users due to ease of use and additional security).
* **Scalable** - While the protocol is still being optimized for [increased transaction capacity](https://en.bitcoin.it/wiki/Scalability), blockchains do not scale very well, so most transaction volume is expected to occur on [Layer 2 networks](https://en.wikipedia.org/wiki/Lightning_Network) built on top of Bitcoin.
* **Divisible** - Each bitcoin can be [divided down to 8 decimals](https://en.bitcoin.it/wiki/Satoshi_(unit\)), which means you don't have to worry about buying an entire bitcoin.
* **Designed Money** - Bitcoin was created to fit all the [fundamental properties of money](http://i.imgur.com/wkTyyaV.png) better than gold or fiat

## Where can I buy bitcoins?

[Bitcoin.org](https://bitcoin.org/en/buy) and [BuyBitcoinWorldwide.com](https://www.buybitcoinworldwide.com/) are helpful sites for beginners.  You can buy or sell any amount of bitcoin (even just a few dollars worth) and there are several easy methods to purchase bitcoin with cash, credit card or bank transfer.  Some of the more popular resources are below, also check out the [bitcoinity exchange resources](https://data.bitcoinity.org/markets/exchanges/USD/30d) for a larger list of options for purchases.  

* [Cash app](https://cash.app/help/us/en-us/1016-bitcoin)
* [Gemini](https://gemini.com/)
* [Swan](https://www.swanbitcoin.com/)
* [Bitstamp](https://www.bitstamp.net/)
* [BitFinex](https://www.bitfinex.com/)
* [Xapo](https://xapo.com/)
* [Kraken](https://www.kraken.com/)
* [Cex](https://cex.io/cards/)
* [LocalBitcoins](https://localbitcoins.com/)
* [LibertyX](https://libertyx.com/)
* [P2P exchange list](https://github.com/cointastical/P2P-Trading-Exchanges/) (decentralized) 

[Here](http://coinatmradar.com/) is a listing of local ATMs.  If you would like your paycheck automatically converted to bitcoin use [Bitwage](https://www.bitwage.com/).  

**Note:** Bitcoins are valued at whatever [market price](https://cryptowat.ch/bitstamp/btcusd) people are willing to pay for them in balancing act of supply vs demand. Unlike traditional markets, bitcoin markets operate 24 hours per day, 365 days per year. [Preev](http://preev.com/btc/usd) is a useful site that  that shows how much various denominations of bitcoin are worth in different currencies. Alternatively you can just Google ""1 bitcoin in (your local currency)"".

## Securing your bitcoins

With bitcoin you can **""Be your own bank""** and personally secure your bitcoins **OR** you can use third party companies aka **""Bitcoin banks""** which will hold the bitcoins for you.

* If you prefer to **""Be your own bank""** and have direct control over your coins without having to use a trusted third party, then you will need to create your own wallet and keep it secure. If you want easy and secure storage without having to learn computer security best practices, then a hardware wallet such as the [Trezor](https://www.bitcointrezor.com/), [Ledger](https://www.ledgerwallet.com/) or [ColdCard](https://coldcardwallet.com/) is recommended.  Alternatively there are many software wallet options to choose from [here](https://bitcoin.org/en/choose-your-wallet) depending on your use case.

* If you prefer to let third party **""Bitcoin banks""** manage your coins, try [Gemini](https://gemini.com/) but be aware you may not be in control of your private keys in which case you would have to ask permission to access your funds and be exposed to third party risk.  

**Note: For increased security, use Two Factor Authentication (2FA) everywhere it is offered, including email!** 

2FA requires a second confirmation code to access your account making it much harder for thieves to gain access.  Google Authenticator and Authy are the two most popular 2FA services, download links are below.  Make sure you create backups of your 2FA codes.  

Google Auth | Authy | OTP Auth
--------------|--------|------------
[Android](https://play.google.com/store/apps/details?id=com.google.android.apps.authenticator2) | [Android](https://play.google.com/store/apps/details?id=com.authy.authy&amp;hl=en) | N/A
[iOS](https://itunes.apple.com/us/app/google-authenticator/id388497605?mt=8) | [iOS](https://itunes.apple.com/us/app/authy/id494168017) | [iOS](https://apps.apple.com/us/app/otp-auth/id659877384)

## Watch out for scams

As mentioned above, Bitcoin is decentralized, which by definition means there is no official website or Twitter handle or spokesperson or CEO. However, all money attracts thieves. This combination unfortunately results in scammers running official sounding names or pretending to be an authority on YouTube or social media. Many scammers throughout the years have claimed to be the inventor of Bitcoin. Websites like bitcoin(dot)com and the btc subreddit are active scams.  Almost all altcoins (shitcoins) are marketed heavily with big promises but are really just designed to separate you from your bitcoin.  So be careful: any resource, including all linked in this document, may in the future turn evil.  Don't trust, verify.  Also as they say in our community ""Not your keys, not your coins"".  

## Where can I spend bitcoins?

Check out [spendabit](https://spendabit.co/) or [bitcoin directory](http://bitcoin.directory/shop) for millions of merchant options.  Also you can spend bitcoin anywhere visa is accepted with bitcoin debit cards such as the [CashApp card](https://cash.app/help/us/en-us/3080-cash-card-get-started).   Some other useful site are listed below.

Store | Product
---|---
[Gyft](http://www.gyft.com/)  | Gift cards for hundreds of retailers including Amazon, Target, Walmart, Starbucks, Whole Foods, CVS, Lowes, Home Depot, iTunes, Best Buy, Sears, Kohls, eBay, GameStop, etc.
[Spendabit](https://spendabit.co/), [Overstock](http://www.overstock.com/) and [The Bitcoin Directory](http://bitcoin.directory/) | Retail shopping with millions of results
[ShakePay](https://shakepay.co/#/)  |  Generate one time use Visa cards in seconds
[NewEgg](http://www.newegg.com/) and [Dell](http://www.dell.com/) | For all your electronics needs
[Bitwa.la](https://bitwa.la), [Coinbills](http://coinbills.com/), [Piixpay](https://piixpay.com), [Bitbill.eu](https://bitbill.eu), [Bylls](https://bylls.com), [Coins.ph](https://coins.ph), [Bitrefill](https://bitrefill.com), [LivingRoomofSatoshi](https://www.livingroomofsatoshi.com), [Coinsfer](https://coinsfer.com/), and [more](https://plusbitcoin.net/bitcoin-debit-card/) | Bill payment
[Menufy](https://www.menufy.com/),  [Takeaway](http://corporate.takeaway.com/) and [Thuisbezorgd NL](https://www.thuisbezorgd.nl) | Takeout delivered to your door
[Expedia](http://www.expedia.com/), [Cheapair](http://www.cheapair.com/), [Destinia](http://destinia.us/), [Abitsky](http://www.abitsky.com/), [SkyTours](http://www.sky-tours.com/), the [Travel](https://www.gyft.com/buy-gift-cards/category/travel/) category on Gyft and [9flats](http://www.9flats.com/) | For when you need to get away
[Cryptostorm](https://cryptostorm.is), [Mullvad](https://mullvad.net), and [PIA](https://www.privateinternetaccess.com/) | VPN services
[Namecheap](https://www.namecheap.com/), [Porkbun](https://porkbun.com/) | Domain name registration
[Stampnik](https://stampnik.com) | Discounted USPS Priority, Express, First-Class mail postage
[Coinmap](http://coinmap.org/) and [AirBitz](https://airbitz.co/search?term=&amp;location=Current+Location) are helpful to find local businesses accepting bitcoins. A good resource for UK residents is at [wheretospendbitcoins.co.uk](http://www.wheretospendbitcoins.co.uk).

There are also [lots of charities](https://www.reddit.com/r/changetip/wiki/suggestions) which accept bitcoin donations.

## Merchant Resources

There are several benefits to accepting bitcoin as a payment option if you are a merchant;

* 1-3% savings over credit cards or PayPal.
* No chargebacks (final settlement in 10 minutes as opposed to 3+ months).
* Accept business from a global customer base.
* Increased privacy.
* Convert 100% of the sale to the currency of your choice for deposit to your account, or choose to keep a percentage of the sale in bitcoin if you wish to begin accumulating it.  

If you are interested in accepting bitcoin as a payment method, there are several options available;

* [BTCPay](https://btcpayserver.org/)
* [Square cash](https://cash.me/)
* [Stripe](https://stripe.com/bitcoin)
* [Coinify](https://coinify.com/merchants)
* [Wyre](https://www.sendwyre.com/business/)
* [Blockonomics](https://www.blockonomics.co/merchants#) (direct to your wallet)

## Can I mine bitcoin?

Mining bitcoins can be a fun learning experience, but be aware that you will most likely operate at a loss.  Newcomers are often advised to stay away from mining unless they are only interested in it as a hobby similar to [folding at home](http://folding.stanford.edu/).  If you want to learn more about mining you can read more [here](https://en.bitcoin.it/wiki/Faq#Mining). Still have mining questions?  The crew at /r/BitcoinMining would be happy to help you out. 

If you want to contribute to the bitcoin network by hosting the blockchain and propagating transactions you can [run a full node](https://bitcoin.org/en/bitcoin-core/features/) using [this setup guide](https://blog.lopp.net/how-to-set-up-a-bitcoin-full-node/).  If you would prefer to keep it simple there are [several good options](https://bitcoinmagazine.com/articles/buy-or-diy-an-overview-of-7-bitcoin-full-node-products).  You can view the global node distribution [here](https://getaddr.bitnodes.io/).

## Earning bitcoins

Just like any other form of money, you can also earn bitcoins by being paid to do a job.

Site | Description
---|---
[WorkingForBitcoins](https://workingforbitcoins.com), [Bitwage](https://www.bitwage.com/for-individuals/), [Cryptogrind](http://www.cryptogrind.com/#!/), [Coinality](https://coinality.com/), [Bitgigs](http://bitgigs.com/), [/r/Jobs4Bitcoins](http://www.reddit.com/r/Jobs4Bitcoins), [BitforTip](http://www.bitfortip.com/), [Rein Project](http://reinproject.org/) | Freelancing
[Lolli](https://www.lolli.com/) | Earn bitcoin when you shop online!
[OpenBazaar](https://openbazaar.org/), [Purse.io](https://purse.io/shop), [Bitify](https://bitify.com/), [/r/Bitmarket](http://www.reddit.com/r/BitMarket), [21 Market](https://21.co/mkt/) | Marketplaces
[/r/GirlsGoneBitcoin](http://www.reddit.com/r/GirlsGoneBitcoin) NSFW | Adult services
[A-ads](https://a-ads.com/), [Coinzilla.io](https://coinzilla.io/) | Advertising

You can also earn bitcoins by participating as a market maker on [JoinMarket](https://github.com/chris-belcher/joinmarket) by allowing users to perform CoinJoin transactions with your bitcoins for a small fee (requires you to already have some bitcoins.

## Bitcoin-Related Projects

The following is a **short** list of ongoing projects that might be worth taking a look at if you are interested in current development in the bitcoin space.  

Project | Description
---|---
[Lightning Network](https://lightning.engineering/index.html)| Second layer scaling
[Blockstream](http://www.blockstream.com/), [Rootstock](https://www.rsk.co/) and [Drivechain](http://www.truthcoin.info/blog/drivechain/) | Sidechains
[Hivemind](http://bitcoinhivemind.com) and [Augur](http://www.augur.net/) | Prediction markets
[Tierion](https://tierion.com) and [Factom](http://factom.org/) | Records &amp; Titles on the blockchain
[BitMarkets](https://voluntary.net/bitmarkets/), [DropZone](https://github.com/17Q4MX2hmktmpuUKHFuoRmS5MfB5XPbhod/dropzone), [Beaver](https://eprint.iacr.org/2016/464.pdf) and [Open Bazaar](https://openbazaar.org/) | Decentralized markets
[JoinMarket](https://github.com/chris-belcher/joinmarket) and [Wasabi Wallet](https://github.com/zkSNACKs/WalletWasabi) | CoinJoin implementation
[Coinffeine](http://www.coinffeine.com/) and [Bisq](https://bitsquare.io) | Decentralized bitcoin exchanges
[Keybase](https://keybase.io/) | Identity &amp; Reputation management
[Abra](https://www.goabra.com/) | Global P2P money transmitter network
[Bitcore](http://bitcore.io/) | Open source Bitcoin javascript library

## Bitcoin Units

One Bitcoin is quite large (hundreds of ¬£/$/‚Ç¨) so people often deal in smaller units. The most common subunits are listed below:

Unit | Symbol | Value | Info
---|:---:|---|---
bitcoin | BTC | 1 bitcoin | one bitcoin is equal to 100 million satoshis
millibitcoin | mBTC | 1,000 per bitcoin | used as default unit in recent Electrum wallet releases
bit | bit | 1,000,000 per bitcoin | colloquial ""slang"" term for microbitcoin (ŒºBTC)
satoshi | sat | 100,000,000 per bitcoin | smallest unit in bitcoin, named after the inventor

For example, assuming an arbitrary exchange rate of $10000 for one Bitcoin, a $10 meal would equal:

* 0.001 BTC
* 1 mBTC
* 1,000 bits
* 100k sats

For more information check out the [Bitcoin units wiki](https://www.reddit.com/r/BitcoinWiki/wiki/bitcoin_units).

---

**Still have questions?**  Feel free to ask in the comments below or stick around for our weekly [Mentor Monday](https://www.reddit.com/r/Bitcoin/search/?q=title%3A%22mentor+monday%22&amp;sort=new&amp;restrict_sr=on&amp;t=all) thread.  If you decide to post a question in /r/Bitcoin, please use the [search bar](https://www.reddit.com/r/Bitcoin/search?q=&amp;restrict_sr=on&amp;sort=new&amp;t=year) to see if it has been answered before, and remember to follow the community rules outlined on the sidebar to receive a better response.  The mods are busy helping manage our community so please do not message them unless you notice problems with the functionality of the subreddit.

**Note:** This is a community created FAQ. If you notice anything missing from the FAQ or that requires clarification you can [edit it here](https://www.reddit.com/r/BitcoinWiki/wiki/rbitcoin_sticky) and it will be included in the next revision pending approval.  

**Welcome to the Bitcoin community and the new decentralized economy!**",Bitcoin Newcomers FAQ - Please read!,BitcoinFan7,389,0,2020-07-31 21:50:47,https://www.reddit.com/r/Bitcoin/comments/i19uta/bitcoin_newcomers_faq_please_read/,217
1,ja8eqr,"Please utilize this sticky thread for all general **Bitcoin** discussions! If you see posts on the front page or /r/Bitcoin/new which are better suited for this daily discussion thread, please help out by directing the OP to this thread instead. Thank you!

If you don't get an answer to your question, you can try phrasing it differently or commenting again tomorrow.

[Join us in the r/Bitcoin Chatroom!](https://s.reddit.com/channel/872992_7f67f22e296c2f65bd39f5af98f30a96b5e3e21e)

Please check the [previous discussion thread](https://www.reddit.com/r/Bitcoin/comments/j9oudz/mentor_monday_october_12_2020_ask_all_your/) for unanswered questions.","Daily Discussion, October 13, 2020",rBitcoinMod,22,0,2020-10-13 13:00:45,https://www.reddit.com/r/Bitcoin/comments/ja8eqr/daily_discussion_october_13_2020/,48
2,jade4a,,Stone Ridge Reveals $115 Million Bitcoin Investment As Part Of Billion-Dollar Spin-Off,Miladran,383,0,2020-10-13 19:29:37,https://www.forbes.com/sites/michaeldelcastillo/2020/10/13/stone-ridge-reveals-115-million-bitcoin-investment-as-part-of-billion-dollar-spin-off/,77
3,jafa62,,The herd.,digitalmoneyguru,72,0,2020-10-13 21:07:42,https://www.reddit.com/gallery/jafa62,14
4,jabolh,,Bitcoin standard is integrity.,digitalmoneyguru,93,0,2020-10-13 17:41:23,https://www.reddit.com/gallery/jabolh,42
5,jaa4as,,"Call me Ishmael: 8 Bitcoin brainwallets were created, using passphrases from popular works of fiction. All the funds were quickly swept away &amp; in one case the funds were taken in 0.67 seconds - BitMEX Research",BashCo,117,0,2020-10-13 15:37:15,https://blog.bitmex.com/call-me-ishmael/,22
6,jaj6fv,,Brace For Higher Bitcoin Volatility and Returns in October - Kraken,Limisemv,23,0,2020-10-14 00:22:11,http://bitcoin-volatility.space/,1
7,ja5ubb,,Customized my RaspiBlitz display!,NumberFiveWithHotPep,269,0,2020-10-13 09:39:18,https://i.redd.it/mxtki0779ss51.jpg,34
8,jag1fr,,"MicroStrategy CEO on Square‚Äôs ‚ÄòExtraordinary‚Äô Bitcoin Investment: ""Only good things are going to come from that""",SaneFive,18,0,2020-10-13 21:45:39,https://decrypt.co/44852/microstrategy-ceo-on-squares-extraordinary-bitcoin-investment?utm_source=reddit&amp;utm_medium=social&amp;utm_campaign=sm,3
9,jaatnd,,The Fed Wants at all Costs to Distribute Tons of New Dollars - Bitcoin is Already Laughing,asso,47,0,2020-10-13 16:35:40,https://thecryptotime.com/the-fed-wants-at-all-costs-to-distribute-tons-of-new-dollars-bitcoin-is-already-laughing/,2
10,jabpsx,"Hi guys! I am form Romania and yesterday I wanted to transfer some money to Coinbase to buy some crypto, but my transfers did not get through, so I decided to call my bank. The lady which I spoked with told me the national bank blocked all transfers to crypto exchanges. I called my national bank to ask for details and when I asked why they banned the transfers to crypto exchanges they said ""I don't know"", I ask her to give ma a contact which I can speak about this problem, but she said again ""I don't know"". I hate this level of incompetence.

What can I do? How I can buy crypto now?

PS: Sorry for my English.",My national bank is dumb,marian660,39,0,2020-10-13 17:43:55,https://www.reddit.com/r/Bitcoin/comments/jabpsx/my_national_bank_is_dumb/,29
11,ja6b4h,I'm praying for you dude.,Where is ma boy that was staying awake until $12k?,Slugineering,126,0,2020-10-13 10:11:55,https://www.reddit.com/r/Bitcoin/comments/ja6b4h/where_is_ma_boy_that_was_staying_awake_until_12k/,22
12,jacusn,,Every Wednesday there is a hosted Bitcoin Core Pull Request Review Club on IRC. All welcome to join. Tomorrow's topic: Implement Tapscript script validation rules (BIP 342),TheGreatMuffin,22,0,2020-10-13 18:58:18,https://bitcoincore.reviews/19953,1
13,jag3g6,,A CashApp for Canada: Bitcoin App ShakePay Adds P2P Payments - Decrypt,dreasp,13,0,2020-10-13 21:48:30,https://decrypt.co/44519/bitcoin-app-shakepay-p2p-payments-canada-cashapp,0
14,jaf470,,"JoinMarket v0.7.1, includes BIP78 payjoin receiver and other minor improvements",neonzzzzz,14,0,2020-10-13 20:59:28,https://github.com/JoinMarket-Org/joinmarket-clientserver/releases/tag/v0.7.1,2
15,jagesj,,New Fidelity Report Explains Why Trillions of Dollars Could Move Into Bitcoin in the Coming Years,kyletorpey,12,0,2020-10-13 22:04:18,https://thecryptofeed.net/articles/new-fidelity-report-explains-why-trillions-of-dollars-could-move-into-bitcoin-in-the-coming-years/,8
16,jahf3e,,Bitcoin being used to fund protests against police brutality after central bank shuts down bank account,rujotheone,7,0,2020-10-13 22:55:12,https://twitter.com/feminist_co/status/1315998200944263168?s=19,7
17,ja0fk4,,"This is Africa. We're no strangers to fake money, we already have governments for that. So don't come here with your shitcoinery either. We can spot that kak from a mile away",gr0kch8n,243,0,2020-10-13 03:51:38,https://v.redd.it/x8xn6xo0jqs51,27
18,jahggq,,Three‚Äôs a Trend! Institutions Seek Refuge from Decaying Dollar,BTCUser_,7,0,2020-10-13 22:57:08,https://blog.cryptokek.com/threes-a-trend-institutions-seek-refuge-from-decaying-dollar/,0
19,jaayyg,"ETA when Schnorr &amp; Taproot (BIP340, 341, 342) proposals will be voted on; like we had for Segwit: [https://coin.dance/blocks](https://coin.dance/blocks)?

&amp;#x200B;

* BIP 340: Schnorr Signatures for secp256k1

[https://github.com/bitcoin/bips/blob/master/bip-0340.mediawiki](https://github.com/bitcoin/bips/blob/master/bip-0340.mediawiki)

* BIP 341: Taproot: SegWit version 1 output spending rules

[https://github.com/bitcoin/bips/blob/master/bip-0341.mediawiki](https://github.com/bitcoin/bips/blob/master/bip-0341.mediawiki)

* BIP 342: Validation of Taproot Scripts

[https://github.com/bitcoin/bips/blob/master/bip-0342.mediawiki](https://github.com/bitcoin/bips/blob/master/bip-0342.mediawiki)

&amp;#x200B;

https://preview.redd.it/x1094knldus51.png?width=1912&amp;format=png&amp;auto=webp&amp;s=83e02187466f400849770cab014519ef8ffca6cf","When Schnorr &amp; Taproot (BIP340, 341, 342)?",chdftyl,22,0,2020-10-13 16:47:35,https://www.reddit.com/r/Bitcoin/comments/jaayyg/when_schnorr_taproot_bip340_341_342/,4
20,jaj9we,"it just feels like bitcoin is more a check mate rather than an option or move against the financial systems. I know people talk about the price a lot but i feel thats just marketing for idiots as i feel it's a silent coop and it manipulates the parasites of society into it's spell. Philosophically i've always been so fascinated and i think it's true value comes from its many games it manages to co-evolve. I""m very excited about it and i think everyone should be too for the good of humanity. Keep stimulating the price expectation, talk about the materialistic aspects and also keep people talking about the philosophic meaning, it's all gravy for the steak baby.",I think people in bitcoin underestimate bitcoin,RobbWhite_,6,0,2020-10-14 00:26:52,https://www.reddit.com/r/Bitcoin/comments/jaj9we/i_think_people_in_bitcoin_underestimate_bitcoin/,3
21,jae8j9,,Tales from the Crypt: #200: Ansel Linder,BashCo,10,0,2020-10-13 20:13:59,https://anchor.fm/tales-from-the-crypt/episodes/200-Ansel-Linder-el05qv,0
22,j9qbsy,,"US Anti-Encryption Bill Forces Companies To Build Security Holes In Apps/Hardware, and Some Effects Will Spill Over To The Crypto World...",Negatiesign80,953,0,2020-10-12 18:53:22,https://www.globalcryptopress.com/2020/10/us-anti-encryption-bill-forces.html?=article,376
23,ja33t3,Grayscale was sent to us from God.,"Grayscale purchased 11,540 Bitcoins last night, pumping the price past $11,300!",splipsim21,101,0,2020-10-13 06:35:40,https://www.reddit.com/r/Bitcoin/comments/ja33t3/grayscale_purchased_11540_bitcoins_last_night/,57
24,ja9mwe,,Bitcoin and Friends: Episode 1,hoiru,20,0,2020-10-13 14:54:34,https://lbry.tv/@bitcoinandfriends:a/bitcoin-and-friends-episode-1:7,4
25,jah5dw,,Pure gold! Pun intended. A big shout-out to Peter McCormack for making these great podcasts.,2xfun,6,0,2020-10-13 22:41:57,https://podcasts.google.com/?feed=aHR0cHM6Ly93d3cud2hhdGJpdGNvaW5kaWQuY29tL3BvZGNhc3Q_Zm9ybWF0PXJzcw&amp;ep=14&amp;episode=NTk2NDFhMjhmZjdjNTA5OWMxMmE1ZWRhOjVhMTgzMGQyZjk2MTlhZmE2YWYzOGYxODo1Zjg1Mzk1MzJmZjg0MDMxYWJlMTA1ZTI,0
26,ja0b52,,Multi-path payments starting to role out on Bitcoin lightning wallets! This eliminates capacity restrictions allowing user to send large payments over lightning network with very low fees.,Fly115,165,0,2020-10-13 03:44:22,https://i.redd.it/nu0q9g6vhqs51.jpg,16
27,jafoy8,,"""Money printer go Brr"" is more than a meme, it's going to be the catalyst for Bitcoin's adoption by institutions, corporations, and consumers around the world.",heist95,8,0,2020-10-13 21:28:37,https://twitter.com/joinryze/status/1316019411367542784?s=20,2
28,jacsmk,,List of P2P (peer2peer) trading Exchanges - cointastical/P2P-Trading-Exchanges,parakite,9,0,2020-10-13 18:54:36,https://github.com/cointastical/P2P-Trading-Exchanges/,0
29,jaj08w,https://decrypt.co/44746/bitcoin-payments-bank-of-england,Why would anyone take Bailey serious he was an incompetent when head over the financial conduct authority and in most people‚Äôs eyes a bad choice for head of the BOE.,newmannor,3,0,2020-10-14 00:13:43,https://www.reddit.com/r/Bitcoin/comments/jaj08w/why_would_anyone_take_bailey_serious_he_was_an/,3
30,jaiaz5,,"Lies, Deception And Unnatural Money",Bitcoin_Magazine,3,0,2020-10-13 23:38:49,https://bitcoinmagazine.com/articles/lies-deception-and-unnatural-money,1
31,jafvvq,,Bitcoin Mass Adoption: What's the HODL Up?,MyBTCca,4,0,2020-10-13 21:37:58,https://www.marketwatch.com/press-release/bitcoin-mass-adoption-whats-the-hodl-up-2020-10-11,6
32,jaccod,,Made this small lookup tool to give you the price of bitcoin for a given day each year since 2014,frankenmint,8,0,2020-10-13 18:27:20,http://honeybadgerofmoney.com/btc.php,0
33,jahey1,,The 6 Characteristics Defining a Real Money in Which Bitcoin Excels,sylsau,3,0,2020-10-13 22:55:00,https://medium.com/in-bitcoin-we-trust/the-6-characteristics-defining-a-real-money-in-which-bitcoin-excels-5a55abae3e8c?source=friends_link&amp;sk=ff0bdb3a4f736ac9002561e5f9bc0dfa,1
34,jah9yl,,Global Digital Currency to be Discussed at G20,BitcoinTradingWeek,3,0,2020-10-13 22:48:21,https://bitcointradingweek.com/2020/10/13/global-digital-currency-to-be-discussed-at-g20/,2
35,jah791,,"Can anyone tell me why online exchanges like Coinbase and Gemini have a regular version then a ""pro"" version? Also why do they have a version that has lower fees than the other? Thanks!",dustybooty,3,0,2020-10-13 22:44:30,https://www.reddit.com/r/Bitcoin/comments/jah791/can_anyone_tell_me_why_online_exchanges_like/,6
36,ja1dkc,,"Breaking News: Bitcoin's Next Upgrade Will Support Tor V3 Addresses AND a Feature Called ""Gossiping"" | A Beginner's Guide",au785,77,0,2020-10-13 04:46:45,https://www.youtube.com/watch?v=gQ1KnI5ur_8&amp;feature=youtu.be&amp;t=15,17
37,j9zhuv,"Bitcoin YTD: 
61.17%

Gold YTD: 
26.81%

US Dollar YTD: 
-3.48%",We‚Äôre winning,digitalmoneyguru,113,0,2020-10-13 03:01:45,https://www.reddit.com/r/Bitcoin/comments/j9zhuv/were_winning/,63
38,jajk46,,Schnorr Signatures &amp; Bitcoin 101,coincodecap,2,0,2020-10-14 00:40:52,https://medium.com/coinmonks/schnorr-signatures-bitcoin-101-e8a45ca5a7fd?source=friends_link&amp;sk=cfbc5f721306ac0cf5479c95efb826ae,0
39,ja2hwt,"TL;DR Libya is a cash-only society, where every merchant only deals in cash. There is no electronic banking system of debit cards, credit cards, or Interac machines -- just cash. But the banks ran out of cash. So, people can't buy anything because they can't access their funds because, remember, banks ran out of cash. Bitcoin would seem to solve every problem. How do we get Bitcoin into Libya?

Hey everyone,

First of all, full disclosure, I know very little about Bitcoin, or cryptocurrency in general, so as I make this post, please forgive any ignorance.

As a Libyan, we're seeing numerous challenges in our banking system in Libya (which, in all fairness, is just one of, many other, larger political issues if you happen to have been following Middle Eastern/Libyan news for the last decade).

The Central Bank of Libya has not had cash for an exceedingly long period of time, post 2011, which is problematic because Libya is a cash-only society. Every transaction, be it a house, or a loaf of bread, has always ever been transacted in cash only. While people do have bank accounts, with your account balance merely printed on paper, there has never been debit or credit cards in Libya. The only way one can access their funds from their bank account is by physically going to the bank and withdrawing cash. This is still the case today and, as you might have imagined, people have already long flooded the banks, and have depleted them of their reserves.

Consequently, the majority of Libyans have no access to their money in their accounts, and have only been at the mercy of when banks re-supply their reserves. In an attempt at maximizing the opportunity at every Libyan getting \*some\* cash, of course the bank imposes a depressingly low withdraw limit per person, who are all waiting in line-ups that are literally days long. Naturally, the bank's small reserve is instantaneously depleted, again and again, and if you were not of the lucky few to retrieve cash, then you go home with your tail between your legs and hope for a better next time.

The obvious solution to this would have been for the ""government"" to simply deploy an electronic system wherein Libya catches up to 21st century's earth-shattering technology: debit and credit cards, and Interac machines! Needless to say, this has not been done, yet, and we can very strongly assume that the ""government"" has no interest in doing this. I will not get into politics, or conspiracy here, but much of it leans in that direction. (Note: I put ""government"" in quotes because what I really mean is Libya doesn't exactly have a government, and the decision-makers are, essentially, foreign intelligence via domestic militia groups).

With all of that said, enter Bitcoin and my questions to the problems I wish to ask and wonder if Bitcoin solves:

(1) The first problem we have, of course, is that people are limited to cash to purchase food. However, if every merchant simply accepted Bitcoin, people can simply pay with their phones, without the need for cash. Everybody, and their grandmother, has a smartphone or two. Am I missing something here, or am I correct with the ease of use?

(2) The second problem we have is that nobody in Libya can be transferred money, from outside of Libya, even if Libyans had international friends and family willing to help them with money. But, with Bitcoin, you can simply transfer funds online with relative ease. Am I correct here, as well?

(3) I have no idea whether or not Bitcoin is currently available in Libya; furthermore, I have no idea whether or not Bitcoin is legal in Libya (and, frankly, if the aforementioned problems can be solved, nobody will care about its ""legality""). So, can Bitcoin be adopted in Libya, with relative ease, without necessitating the banking system or government? Or would this undertaking be a major project?

If possible, I would be very interested in working with anyone who can help make this a reality in all of Libya. I'm willing to do what's needed to be done (within my capabilities, of course), be it aggressive marketing/advertising, or otherwise. Thoughts, suggestions, help!

Thank you everyone for your help and for putting up with my rant. Cheers.",HELP: How can we get Bitcoin into Libya?,OkCheerio,64,0,2020-10-13 05:55:50,https://www.reddit.com/r/Bitcoin/comments/ja2hwt/help_how_can_we_get_bitcoin_into_libya/,47
40,jagrp8,"I was planning to put it in an envelope and close it with really strong glue and tape. I feel quite ok with that but I'm not sure if there might be a better way to do it or if I'm missing something.

Edit: envelope","What's the best way to make sure that no one accidentally found my recovery phrase, copied it and put it back?",aemmeroli,3,0,2020-10-13 22:22:28,https://www.reddit.com/r/Bitcoin/comments/jagrp8/whats_the_best_way_to_make_sure_that_no_one/,10
41,jagdhp,,Specter Desktop Demo with Ben Kaufman - #TechnicalTuesday,Bitcoin_Magazine,2,0,2020-10-13 22:02:33,https://youtu.be/v3SEp0SkOWs,0
42,jaj0uw,,Institutions and companies buying Bitcoin will undoubtedly be the catalyst for the next major bull run üöÄüåô,heist95,2,0,2020-10-14 00:14:32,https://twitter.com/joinryze/status/1316052492187303939?s=10,0
43,jag76x,"I often post things here that really come across as fud, but what we have seen these last couple months is an explosion in regulator activity. The way the US federal government works, is it sits on cases for years at a time in secrecy, and then it attacks.

There are many obscure laws that people are all unaware of which entirely relate to the war on terror and 9/11 and the Patriot Act. The truth is that most of these banking laws that changed are a result of their pretense to behave like a police state under the guise of fighting terrorism. Well What does that have to do with bitcoin?

&amp;#x200B;

They want to set the precedence of those anti terrorism laws and banking laws onto end to end encryption and bitcoin. These people have a clear motive they are trying to keep hid, that crypto lawyer are beginning to speculate isn't off the table. They certainly implied in the DoJ 83 page report that those options are on the table. But the truth is, they \*already\* want to do it anyways.

Before I make the case for what I am alleging you need to know about the key regulatory bodies and some of these laws, which I'm just gonna list for you to research in case you doubt me:

1) OFAC 2)FATF 3)BIS 4)Interpol 5)Banking Secrecy Act 6)Treasury Department 7)Federal Reserve

Namely, What can the US do under OFAC in the guise of anti terrorism. Well the short answer is ANYTHING. And that is what this 83 page guide by Barr is claiming, that is what the Bitmex Indictment by the Department of Justice is claiming, that is what they have been doing in Afghanistan and Iraq for 20 years. It's been like this since 9/11 and now they are squaring in on crypto.

***It is clear that the Department of Justice and AG Barr do not want Bitcoin to function as Bitcoin, much like end to end encryption they want a back door***

But let's talk about what that ***looks*** like.

1) Forcing every country in the world to enforce mandatory KYC on all decentralized smart contracts and all centralized exchanges with the threat of extrajudicial indictment and OFAC black listing for Banking Secrecy Act violations and Terrorism funding.

2) Forcing every country to prohibit withdrawls to any non preregistered white listed address that has been vetted by CipherTrace and Chain Analysis with the threat as stated in 1)

3) Forcing every country to prohibit US customers from making an account without extremely profoundly high regulatory costs, thus trapping capital in the united states and prohibiting US citizen from investing overseas, as most modern Banks today will no longer take Americans as customers overseas, due to the same regulatory threats.

4) Forcing every merchant in America, and as many outside of America to use Chain Analysis and Cipher Trace on all transactions to vet the source of the funds, ***and if those funds do not have a chain of custody on a public blockchain linking back to a white listed kyced account, then rejecting those transactions (no more monero)***

5) Forcing every exchange in the world to do the same chain of custody verification on every customer just as above.

6) Disallowing any deposits in a US financial exchange to cash out without said chain of custody.

7) Disallowing any cash out of funds that have not been declared as owned assets in a perpetually pervasively monitored public address that the US regulatory bodies know about.

8) ***The constant threat of censorship and forced confiscation.***

9) ***The backdooring of all hardware wallets and software wallets, prosecution of developers. Indictments against Trezor and Ledgernano.***

10) ***Perpetual Surveilance***

&amp;#x200B;

# [Will You Fight? Or Will You Perish Like A Dog?](https://knowyourmeme.com/memes/will-you-fight-or-will-you-perish-like-a-dog) 

# What are you going to do about it?",What the Department of Justices Recent Obession with Cryptography and Crypto is About,samdane7777,3,0,2020-10-13 21:53:46,https://www.reddit.com/r/Bitcoin/comments/jag76x/what_the_department_of_justices_recent_obession/,9
44,jafypw,,Fiat is monopoly money,dan_held,4,0,2020-10-13 21:41:57,https://v.redd.it/4wzdvtoytvs51,2
45,jadx3f,"i want to invest a good percentage of my money in bitcoin to hedge against the collapse of the us dollar as the worlds reserve currency, but whats stopping the federal reserve from say:

ex: ‚Äútoday we are fully adopting the fedcoin. every citizen will have an account at the federal reserve and we will give you (insert fedcoin amount here) for every USD you have. all national debt will be erased/adjusted and we will be renewing the fedcoin as the worlds strongest reserve currency!‚Äù-mr. government

majority of people in the US would immediately adopt fedcoin without even thinking twice, whatever their government tells them to do, theyll do it. so wouldnt a stunt like this would really hurt bitcoin?

help me understand.","the fed reserve wants to create fedcoin, you saw a glimpse of it in the first covid stimulus. what is stopping them from fully implementing it and how would it affect the adoption of bitcoin?",sendddit,4,0,2020-10-13 19:57:57,https://www.reddit.com/r/Bitcoin/comments/jadx3f/the_fed_reserve_wants_to_create_fedcoin_you_saw_a/,17
46,ja4xae,,"""the spice [Coin] must flow"" #Inktober2020Day13: Dune",MexicanCryptoArt,32,0,2020-10-13 08:36:22,https://v.redd.it/19cks59axrs51,7
47,jaaqjp,"I am continuously trying to buy Bitcoin on main crypto exchanges, but my bank is not letting me do a big amount transactions. Bank blocks transactions anytime I do them. Is there any good and sure solution to buy bitcoin in Sweden?
I am planning to purchase 5 of them.

Thanks in advance.",I have an issue of buying bitcoin as a Swedish citizen.,moldyheathen,7,0,2020-10-13 16:28:44,https://www.reddit.com/r/Bitcoin/comments/jaaqjp/i_have_an_issue_of_buying_bitcoin_as_a_swedish/,48
48,ja9vde,"Hi everyone! This might be a funny post but for the past days my boyfriend says he has been starting to remember buying about a $100 or $200 worth of bitcoin in 2010. He says he has no idea where, on which platform or where it‚Äôs stored right now.

Does anyone remember where you could buy it back then and how we could access it if that‚Äôs still possible? 

Thank you for any help!

EDIT: this is probably a lost cause guys but thanks for the advice. Also thanks for making me laugh!",My partner is sure he bought bitcoin in 2010. How to access it?,NaB370,9,0,2020-10-13 15:15:38,https://www.reddit.com/r/Bitcoin/comments/ja9vde/my_partner_is_sure_he_bought_bitcoin_in_2010_how/,22
49,jagpzw,,"Ben Kaufman just finished making the multisig wallet, and now he's sending BTC to it and going over some features. Come check out this awesome wallet: ‚è¨",Bitcoin_Magazine,2,0,2020-10-13 22:20:07,https://www.pscp.tv/BitcoinMagazine/1jMJgXeopVgxL?t=17m11s,0
50,ja1cyg,,[Spanish] Burger Like: Restaurant in Cuba accepts payment in bitcoin and other crypto to bypass the Cuban currencies which the government completely controls the value of.,rossoneri1899,51,0,2020-10-13 04:45:42,https://www.elchago.com/2020/10/12/criptomonedas-santiago-de-cuba/?fbclid=IwAR339xl8y1yBNndM_EzoHpNKZJi3JGazmywiiEeh9Y27JM434OtlsHFHxwE,5
51,jadzms,,War Economics and the Rise of Bitcoin,jettsunsett,3,0,2020-10-13 20:01:05,https://www.youtube.com/watch?v=-IyN856lueA&amp;t=2s,0
52,jafs4t,https://www.imf.org/en/News/Seminars/Conferences/2020/10/19/cross-border-payment,International Monetary Fund Conference - Cross Boarder Payment,Nannijamie,2,0,2020-10-13 21:32:59,https://www.reddit.com/r/Bitcoin/comments/jafs4t/international_monetary_fund_conference_cross/,0
53,jajfn7,"Bitcoin's Role as an Alternative Investment:

[https://www.fidelitydigitalassets.com/articles/bitcoin-as-alternative-investment?ccmedia=owned\&amp;amp;ccchannel=social\&amp;amp;cccampaign=BIT\_ALT\&amp;amp;cctactics=twitter](https://www.fidelitydigitalassets.com/articles/bitcoin-as-alternative-investment?ccmedia=owned&amp;amp;ccchannel=social&amp;amp;cccampaign=BIT_ALT&amp;amp;cctactics=twitter)",Part 2 of Fidelity's Bitcoin Investment Thesis,roderickgill,1,0,2020-10-14 00:34:42,https://www.reddit.com/r/Bitcoin/comments/jajfn7/part_2_of_fidelitys_bitcoin_investment_thesis/,0
54,ja6x5m,"I don't have any bitcoin at the moment, but I'm interested in buying some. My buddy has bitcoin on robinhood and he said I can buy some too. I watched some YouTube video about buying a wallet so I went online at blockchain website and opened me a wallet. I also made an account on coinbase. My buddy said bitcoin is anonymous so the government can't find out if you own any. Now the questions are (my buddy couldn't answer them)

1. If I buy bitcoin on coinbase website, how is it anonymous? I literally had to provide my SSN and verify my identity. Doesn't that mean coinbase know it belongs to me? And if the government wanted to know if I have any bitcoin they can just ask coinbase? 

2. If transfer my bitcoin to a hardware wallet (my buddy told me about ledger website where I can buy me a flash drive wallet thing) won't there be traces of where the bitcoin came from and the person identity? Like if I transfer my bitcoin from coinbase to my hardware wallet there will be traces of the transfer right? Like banks? Or is this part anonymous? I know coinbase or the government isn't that dumb. If I transfer my bitcoin to a hardware wallet they know it was transfer from coinbase to a different wallet that presumably belongs to me..? 

3. Where can I buy bitcoin without providing my identity? 
4. Is it worth buying the ledger flash drive s? 
5. Why is bitcoin tied to country currency? What will happen to bitcoin value if the country currency is worthless?",Newbie with few questions,imstressedman,10,0,2020-10-13 10:57:41,https://www.reddit.com/r/Bitcoin/comments/ja6x5m/newbie_with_few_questions/,24
55,ja09tj,"[https://www.bis.org/publ/othp33.pdf](https://www.bis.org/publ/othp33.pdf)

Hello all, this is my first post on this subreddit. I will try to be informative and brief. 

7 of the worlds' central banks released a report on Friday, outlining their findings on CBDC (central bank digital currencies). In the 26 page document, neither Bitcoin nor any existing digital currency was mentioned once. The fundamental qualities that make bitcoin valuable stand in direct conflict with the desires a central bank would have in creating a digital currency (namely, to control the money supply). Therefore, why on earth are central banks considering the issuance of their own currencies? It is because they are finally seeing bitcoin as a direct threat to their power.",Central Banks are scared,mulebotte,43,0,2020-10-13 03:42:18,https://www.reddit.com/r/Bitcoin/comments/ja09tj/central_banks_are_scared/,11
56,jaij6p,"I am a law school student and did not use a lawyer to reach a settlement. 

I was sim-swap hacked and had over $18k worth of BTC Stolen from my Coinbase account. After months long negotiations, my mobile carrier reimbursed me for almost the entire amount. 

I can and will get you compensation if you reach out to me with serious motivation.",Reach out to me if you were a victim of a sim-swap hack.,sa3726,0,0,2020-10-13 23:50:41,https://www.reddit.com/r/Bitcoin/comments/jaij6p/reach_out_to_me_if_you_were_a_victim_of_a_simswap/,6
57,j9srvv,"After flushing the alt/shitcoin phase out of my system in 2018, I‚Äôve refined my focus to dollar cost averaging into bitcoin on a weekly basis. No matter the price, I plan on purchasing $100 of btc every week, as well as buying dips when the opportunity arises. I plan on doing this for at least 10 years, if not the rest of my life.

This by no means will make me rich quick, but over a period of a decade or two, this strategy will almost assuredly keep me afloat, if not reasonably well off financially. 

After what has unfolded in 2020, I no longer view bitcoin as a speculation. More so an inevitability. Even if it takes 10 years to get to $100k, that would mean the average rate of return year over year is 100%. What asset class out there today offers that type of opportunity?","Once it clicks, it feels like you‚Äôve already won",toneblind88,131,0,2020-10-12 21:18:47,https://www.reddit.com/r/Bitcoin/comments/j9srvv/once_it_clicks_it_feels_like_youve_already_won/,94
58,jai5iz,,[IRTR] There's no such thing as a Decentralized Exchange,daemoncluster,0,0,2020-10-13 23:31:18,https://www.theblockcrypto.com/post/79768/theres-no-such-thing-as-a-decentralized-exchange?utm_source=coinbase&amp;utm_medium=rss,1
59,j9npcm,,Former Facebook exec says Bitcoin is an Insurance Policy against the Dollar,KayleighSosnowski,368,0,2020-10-12 15:22:41,https://thedailychain.com/former-facebook-exec-says-bitcoin-is-an-insurance-policy-against-the-dollar/,45
60,jabf42,,When you shitcoin too hard in South Africa. Time for bitcoin boet,gr0kch8n,3,0,2020-10-13 17:22:09,https://v.redd.it/fbkc2ppnjus51,3
61,jaa5ca,"Bought ¬£50 which has turned into ¬£80 within 6 months....what a margin!

Invest in a few other indexes that have returned me roughly 6% in cap app so far (not sold) and div yield of 7%. I hold 20x the amount in that index than I do in BTC...should I start to make the switch to BTC ?

Seems like it‚Äôs about to rocket again",My first BTC experience...,RealJesseLingard,4,0,2020-10-13 15:39:58,https://www.reddit.com/r/Bitcoin/comments/jaa5ca/my_first_btc_experience/,1
62,jahm8r,"Didn¬¥t watch so far but PHOENIX is always known for its high quality journalism.  
[https://www.phoenix.de/themen/dossiers/blockchain-d-255965.html](https://www.phoenix.de/themen/dossiers/blockchain-d-255965.html)

have fun!",German News/Political TV Station PHOENIX w/ a Dossier about the Blochain,cultureJam_10,2,0,2020-10-13 23:04:47,https://www.reddit.com/r/Bitcoin/comments/jahm8r/german_newspolitical_tv_station_phoenix_w_a/,0
63,jahfo2,,Blockchain could boost global economy by $ 1.76 trillion by 2030,MK333666,1,0,2020-10-13 22:56:03,https://ccnews24.net/blockchain-could-boost-global-economy-by-1-76-trillion-by-2030-pwc-analysis-confirms/,7
64,ja2ba5,,"I did a full tutorial on running an Umbrel Bitcoin/Lightning node. Parts, assembly, software installation, setup and using apps within.",benperrin117,23,0,2020-10-13 05:44:30,https://youtu.be/fppmhqjqh2E,3
65,ja00hu,"I see this sometimes, where people mention to send all BTC holdings into 1 address during period of low network fees. But how does this practically work? Would it require setting up a brand new wallet each time?",What do people mean when they say to take advantage of low fees and consolidate all BTC into 1 address?,AssociateNegative,37,0,2020-10-13 03:28:19,https://www.reddit.com/r/Bitcoin/comments/ja00hu/what_do_people_mean_when_they_say_to_take/,28
66,ja1rqv,,Michael Saylor- The Hero we deserve,Eplemos4Life,25,0,2020-10-13 05:10:29,https://youtu.be/_9sS7eqz1l4,6
67,jage5x,"###Status of the Bitcoin network as of Tuesday, October 13, 2020 at 12:00:02 EST:

**Total bitcoins:** 18,515,958.544971

**Height:** 652,566

**Difficulty:** 19,298,087,186,262.609375

######Statistics for the past 24 hours:

**Number of blocks mined:** 157

**Total bitcoins output (amount sent):** 2,199,170.030316

**Total fees:** 76.847381

**Average time until block found:** 9 minutes, 10 seconds

**Estimated hashrate:** 150,612,159,318.895660 gh/s

**Current price:** US$11,388.72

*Data provided by [Smartbit.com.au](https://www.smartbit.com.au). Price data provided by [Coinbase.com](https://www.coinbase.com).*

***

^^I ^^am ^^a ^^bot. **[^^My ^^commands](https://www.reddit.com/r/Bitcoin/comments/3an2c4/ive_been_working_on_a_bot_for_crypto_subs_like/)** ^^| ^^*/r/crypto_bot* ^^| [^^Message ^^my ^^creator](https://www.reddit.com/message/compose?to=busterroni) ^^| [^^Source ^^code](https://github.com/busterroni/crypto_bot)","Bitcoin Network Status Update Tuesday, October 13, 2020",crypto_bot,1,0,2020-10-13 22:03:26,https://www.reddit.com/r/Bitcoin/comments/jage5x/bitcoin_network_status_update_tuesday_october_13/,0
68,ja26d2,,"LN Markets, the first Lightning Network powered Went Live in March 2020",parakite,20,0,2020-10-13 05:36:14,https://twitter.com/LNMarkets/status/1237778507062751232,1
69,jaf7me,Ive recently sent money to a friend through coinbase. Can anyone tell me why coinbase takes hours to confiirm a transaction and yet sending BTC to a normal wallet it takes minutes? I believe they are using segwit so it shouldn't take that long to confirm.,Why are Coinbase confirmations so slow?,mitchklee35,0,0,2020-10-13 21:04:05,https://www.reddit.com/r/Bitcoin/comments/jaf7me/why_are_coinbase_confirmations_so_slow/,2
70,jaf005,"I'm trying to withdraw money from [blockchain.com](https://blockchain.com) and I can't figure it out. 

I currently have swapped bitcoin for Euros and have recipient, bankname, iban and bic. How do I transfer this money to my bank account. Do I need to swap it back to bitcoin or another crypto to withdraw?",How to withdraw money from blockchain.com,mocNogard,1,0,2020-10-13 20:53:10,https://www.reddit.com/r/Bitcoin/comments/jaf005/how_to_withdraw_money_from_blockchaincom/,8
71,ja86xk,,One thousand bitcoins mined in 2010 were just moved new wallets,pcaversaccio,4,0,2020-10-13 12:41:46,https://www.theblockcrypto.com/linked/80606/a-thousand-satoshi-era-bitcoins-just-moved-wallets-for-the-first-time-in-a-decade,1
72,j9p6c8,,Bitcoin's Next Upgrade Will Support Tor V3 Addresses,SaneFive,137,0,2020-10-12 17:28:46,https://decrypt.co/44640/bitcoins-next-upgrade-will-support-tor-v3-addresses?utm_source=reddit&amp;utm_medium=social&amp;utm_campaign=sm,5
73,jae6kg,,"BitMEX Research Shows Storing Millions Worth of Bitcoin ""In Your Head"" is Risky",wmredditor,0,0,2020-10-13 20:10:46,https://coinfomania.com/bitmex-shows-storing-bitcoin-in-your-head-is-risky/,4
74,jadu4j,,Ternio has become the first crypto focused enablement partner for VISA to deliver digital currency utility on VISA products. Bitcoin card in the works?,PotentialFortune,1,0,2020-10-13 19:53:31,https://www.pymnts.com/cryptocurrency/2020/ternio-visa-fast-track-to-connect-blockchain-crypto-payments-rails/,0
75,jadskz,"Simply Bitcoin, a channel that breaks down all the daily Bitcoin news. From twitter to important updates to cringy daily fails we have it all. 

[https://www.youtube.com/watch?v=XsjJkc3IE7Y&amp;feature=youtu.be](https://www.youtube.com/watch?v=XsjJkc3IE7Y&amp;feature=youtu.be)","Bitcoin Daily News Oct 12, 2020",Simplybitcoin1,0,0,2020-10-13 19:51:07,https://www.reddit.com/r/Bitcoin/comments/jadskz/bitcoin_daily_news_oct_12_2020/,0
76,jadml4,"10k BTC at 1569$ per ounce of gold is \~6.4 ounces of gold. &lt; Feb 2020

10k BTC at 1300$ per ounce of gold is \~7.7 ounces of gold. &lt; Feb 2018

11k BTC at 1900$ per ounce of gold is \~6 ounces of gold. &lt; Oct 2020

&amp;#x200B;

Our current USD/BTC ratio is no more than just an adjustments for weak dollar. In 2020 FED printed out something about 20% of all existed dollars + Inflation. and here you go with your 11.40$ for mBTC, which is just a downtrend in reality. Market cap doesn't represent shit at this point too.",USD/BTC rate is not accurate representation of real BTC value and here is why,Empirismus,0,0,2020-10-13 19:42:06,https://www.reddit.com/r/Bitcoin/comments/jadml4/usdbtc_rate_is_not_accurate_representation_of/,8
77,jadjqd,,Does anyone know of an Android wallet to store Bitcoin where you don't have to verify 20 things and give them a picture?,markmittens,0,0,2020-10-13 19:37:51,https://www.reddit.com/r/Bitcoin/comments/jadjqd/does_anyone_know_of_an_android_wallet_to_store/,15
78,ja8q87,"I‚Äôm trying to deepen my understanding of exactly how this system works and learn the critical path of operations as well as correct terminology for the system. My main question is as follows:

So because any bitcoin wallet (hot or cold) can generate as many addresses as the user desires I am wondering where exactly all those addresses lead? Since all these different addresses (generated by the same user from the same wallet in this example) bring received btc to the same place, where it‚Äôs compiled, is this ‚Äúplace‚Äù technically called a ‚Äúledger account‚Äù? 

If so then can wallets (hot and cold) essentially be considered the keeper of any given ledger account‚Äôs private keys as well the mechanism in which the ledger account is updated (when bitcoin is either sent or received from that ledger account)?",Bitcoin blockchain nomenclature,qualitycannabisnw,2,0,2020-10-13 13:29:43,https://www.reddit.com/r/Bitcoin/comments/ja8q87/bitcoin_blockchain_nomenclature/,4
79,ja2f8k,,List of Bitcoin Testnet Faucets - Bitcoin Wiki,parakite,12,0,2020-10-13 05:51:23,https://en.bitcoin.it/wiki/Testnet#Faucets,3
80,jad4s9,,Top Bitcoin Buy And Sell App: Which Is Better?,aboutcrypto,1,0,2020-10-13 19:14:24,https://www.brsoftech.com/blog/top-bitcoin-buy-and-sell-app-which-is-better/,0
81,j9uy9f,,"84,243 Bitcoins, or 63% of BitMEX held customers funds, left the exchange since since the CTO's arrest",qbisq,39,0,2020-10-12 23:11:02,https://medium.com/efficient-frontier/cftc-dethrones-king-arthur-f35798b19519,7
82,jacmgj,"Hi 
I want to send 0.005 btc to another wallet 
The fees is 48sat/byte which is 0.00067 wtf????
This is suppose to be super economy, I saw another wallets fees are 17sat/byte 
Why it‚Äôs so high",Bitpay transaction fees üò†üò†,bny192677,0,0,2020-10-13 18:43:50,https://www.reddit.com/r/Bitcoin/comments/jacmgj/bitpay_transaction_fees/,5
83,jaces0,I‚Äôm new to this lol and I wanted to see what the hype was about so can anyone tell me what would be a good amount to invest into Bitcoin on cashapp? Also if anyone would like to give me some advice on how all this stuff works. It‚Äôs seems interesting and I kinda wanna get into it and not loose money lol,New to this,Glockwitadicc,0,0,2020-10-13 18:30:42,https://www.reddit.com/r/Bitcoin/comments/jaces0/new_to_this/,7
84,jac9kf,"[https://www.kraken.com/en-gb/features/fee-schedule](https://www.kraken.com/en-gb/features/fee-schedule) i am unsure by what ""maker"" and ""taker"" means (i want to find out the fees for buy/sell BTC on kraken)","Does ""maker"" mean selling and ""taker"" mean buying bitcoin?",Vergo27,0,0,2020-10-13 18:21:30,https://www.reddit.com/r/Bitcoin/comments/jac9kf/does_maker_mean_selling_and_taker_mean_buying/,5
85,j9s23p,,"Large Companies Buying Bitcoin Is Great, but Hyperbitcoinization Will Not Happen Without Individuals",sylsau,58,0,2020-10-12 20:39:32,https://medium.com/in-bitcoin-we-trust/large-companies-buying-bitcoin-is-great-but-hyperbitcoinization-will-not-happen-without-71771cbba19d?source=friends_link&amp;sk=ea3ede4ee4117000d48113f7f0b3188e,14
86,ja25k5,,"LN Markets Newsletter #12 - October 9th, 2020",parakite,8,0,2020-10-13 05:34:47,https://lnmarkets.substack.com/p/12-october-9th-2020,0
87,ja4sj3,"Hi guys, do you invest your bitcoins or you just leave them in your wallet to grow?",Help Guys,Arthur081,5,0,2020-10-13 08:27:34,https://www.reddit.com/r/Bitcoin/comments/ja4sj3/help_guys/,6
88,j9ctcr,,Elon Musk has a Bitcoin ATM at the Gigafactory,xentagz,1115,0,2020-10-12 02:26:46,https://twitter.com/wlrvs/status/1315033404728111106?s=20,141
