Gaber,gaber,32,61
Krutika,themermaidscale,368.5M,6.6M
TALLIA STORM,talliastorm,6.6M,313.2K
Wyntir Rose,wyntirose,12.2M,604.3K
Joe,joealbanese,712.1M,17.8M
Ayushmann Khurrana,ayushmannk,48K,16.4K
Gorillaz,gorillaz,576.6K,176.3K
Mabel,mabel,4.3M,522K
Brittany Xavier,brittanyxavier,57M,2.4M
Gordon Ramsay,gordonramsayofficial,6.9M,2.4M
Mayor of London,mayoroflondon,51.2K,13.1K
khomfai,khomfai,507K,5251
Gulshan Grover,gulshangrover,1.9M,459K
chancetherapper,chancetherapper,1.7M,894.9K
The McFarlands,themcfarlands,22.2M,1.1M
deekshakhurana,deekshakhurana_,448.4K,39.3K
Jonas Brothers,jonasbrothers,40.8M,5.8M
Atti Olh,attika__,34.6K,1052
PIB India,pib_india,5.5M,557.3K
user6772104020148,ashhkins,98.1K,11.6K
Neha Kakkar,nehakakkar,139.9M,16.7M
tommybracco,tommy_bracco,2M,136.5K
Kimberly Loaiza,kimberlyloaiza,446.2M,16.1M
Frankie Bridge,frankiebridge,504K,294.3K
Lewis Capaldi,lewiscapaldi,8.5M,2M
Katja Glieson,katjaglieson,205M,8.6M
Matt Lucas,realmattlucas,508K,246.1K
Steven Mckell,stevenmckell,47.4M,2.1M
Hailee Steinfeld Official,haileesteinfeld,1.8M,1.1M
The Weeknd,theweeknd,2.1M,1M
Mahogany LOX,mahoganylox,266.6M,6.6M
Christine Barger,christinebarger,14.9M,662.6K
Sejal Kumar,sejalkumar1195,114.9K,25.2K
Mda Israel,mdaisrael,2432,2534
Sharanya Iyer,trulynomadly,155.6K,43.1K
The Fresh family,benfresh_kayfresh,699.4K,35.4K
Perrin Hooper,persworld,15.5M,400.1K
Harfin Family,refelicity,66.2M,1.9M
roteskreuzat,austrian_red_cross,1M,84.4K
Mabel,mabel,4.3M,522K
nursesavyrose,nursesavyrose,180.2K,22.5K
American Red Cross,americanredcross,1.5M,129.7K
Alesso,alesso,1.9M,260.9K
UNICEF India,unicefindia,6.5M,721.3K
Romeo Beckham,romeob7,1.5M,329.7K
moggy,gransworld,1.9M,142.4K
Pawsome Pets,pawsomepets,1.6M,80.1K
Stevey,steveyyy,1.2M,31.1K
Tinie,tinietempah,384.5K,257K
Tom Daley,tomdaley,1.9M,279.9K
British Red Cross,britishredcross,6M,377.2K
Doctor Julie Smith,drjuliesmith,7.3M,786.2K
Robyn,robynkonichiwa,373.3K,70.2K
OurFire,ourfire,222.8M,5.8M
Kunal Kemmu,kunalkemmu,2.1M,876K
Sara Ali Khan,saraalikhan,355.1K,94.2K
Michelle Elman,scarrednotscared,3.1M,126K
Evan Whiston,evsoddart,507.5K,35.1K
MyGov India,mygovindia,5.3M,761.2K
Les boys tv,lesboystv,5.7M,460K
Harrison Leigh,harrisonleighx,5,13
sarah,shreksdumpster,68.8M,2M
ANNEMARIE,annemarieiam,13.8M,2.6M
Kartik Aaryan,kartiktokaaryan,16.4M,2.6M
cosette,cosette,36.3M,2.1M
World Health Organization WHO,who,7.4M,2.2M
,thaimoph,244.2K,43.5K
Ellis_Atlantis,ellis_atlantis,3.1M,206.4K
Maisie Smith,maisielousmith,13.5M,1.3M
Scout and Suki,scout2015,36.1M,2.2M
Megan Mc Nulty Cross,meganmcnultycross,22.6K,1210
Harvey,hrvy,52.4M,3.5M
tillyramsay,tillyramsay,10.1M,2M
Tory Lanez,torylanez,4M,1M
grandad frank,grandadfrankk,14.6M,890.3K
T Pain,on,Likes.,Fans.
Brandon M,pizzamanbran,2.8M,180.6K
Lyss Rom,lyssrom,294.7K,14.5K
Lance Stewart,lance210,333.5M,11M
Dom,allthatisshe,5.8M,253.4K
Imagination Library,imaginationlibrary,481.2K,228.7K
Amanda Holden,noholdenback,1.6M,374.6K
The Trickstars,the_trickstars,5M,310.6K
CroceRossa,crocerossa,684.3K,106.8K
Amber Doig Thorne,on,Likes.,Fans.
Nina Nesbitt,ninanesbitt,581.6K,80.9K
Stacey solomon,staceysolomon,2.2M,896.5K
Arnold,arnoldschnitzel,10.8M,3.3M
twisted,twisted,6M,364.1K
Matthew Ryan,Ryan,|,Likes.
Young T Bugsey,Bugsey,|,Likes.
Canadian Red Cross,redcrosscanada,2.7M,285.6K
Princess Pia Mia,princesspiamia,4.9M,607.8K
Ciara,ciara,3.7M,1.1M
dawn 3,thedawndishsoap,78.7M,1.3M
Emma Masterman,emmamasterman2,167.7K,17.3K
Nathan Piland,nathanpiland,125.4M,3.8M
Tyga,tyga,77.6M,6.3M
Jason Booth,jasonrockford,1.4M,82.2K
Karanvir Bohra,thekaranvirbohra,30.1M,2.4M
JLO,jlo,52.8M,9.3M
Alan Chikin Chow,alanchikinchow,22.2M,1.2M
Grandadjoe,grandadjoe1933,35.8M,1.8M
Bazzi,bazziofficial,4.6M,576.6K
ashnikko,ashnikko,13.3M,1.1M
Dave Bautista,davebautista,3.2M,840.6K
betch,betch,348.9M,5.5M
MontanaViolet Walsh,montanaviolett,2.9M,98.1K
rodekruis,rodekruis,736.7K,60.1K
Awez Darbar,awezdarbar,1B,25M
Shilpa Shetty,theshilpashetty,221.3M,17.6M
UNDP India,undpindia,471.7K,71.3K
Department of Health,dohgovph,115.8K,44.9K
CONNOR,connor,119.5M,3.3M
Alex Ojeda,alexojeda,218.3M,6.5M
James Henry,jameshenry,46.2M,3M
JuniorTVine,juniortvine,52.3M,2.2M
Yo Yo Honey Singh,yoyohoneysingh,47.9M,6.2M
Kelsey sound,kelseysound,3.9M,118.1K
curtistoofunny,curtisroach,18.8M,1.7M
Mind,mindcharity,50K,4517
Michael Le,justmaiko,573.6M,21.7M
Chany Dakota,chanydakota,74.1M,1.5M
Graduate Together,graduatetogether,1.1M,107.1K
myhitlife,myhitlife,1.8M,125.5K
Jax Jones,jaxjones,408.4K,86K
John,serveislife,248,39
kritisanon,kritisanon2707,1.2M,798.5K
Rannvijay Singha,rannvijaysingha,25.1M,2.1M
mtvuk,mtvuk,7.9M,409K
Gabe Erwin,gabe,72.6M,2.3M
B Y T,boytevietnam,543.8K,146.3K
Creative God,d_damodel,29.5M,1.2M
ShaunDouglas Duenas,supershaund,64.8M,1.9M
Ella Henderson,ellahendersonofficial,7790,7640
Liana,lianajadee,135.5M,3.1M
Elton John,eltonjohn,121.5K,165.8K
Loren Gray,lorengray,2.4B,43.5M
Liam Payne,liampayne,3M,697.5K
Old Man Steve,omsteve,16.7M,1.2M
We are humanitarians,ifrc,9.9M,1.5M
riteishd,riteishd,158.3M,14.9M
HelpMusicians,helpmusicians,2588,468
dodie,doddleoddle,599.4K,134.7K
charli damelio,charlidamelio,4B,57.8M
Markovics Kristf,vitsx,105.4K,13.6K
Kristen Hancher,kristenhancher,1.7B,24M
CLOUTED BOBBY,cloutedbobby,1515,2169
jknoxthefox,jknoxthefox,129.4K,5514
Biggie cheese memes,robsmemes,331.8K,23K
Hollywollydoodlebug,hollywollydoodlebug,71.7K,12.8K
CarmineandDean,carmineanddean,82.9K,24.1K
Jackie Gansky,jackiegansky,19.5M,761K
Asha Christine,asha,29M,1.6M
amine,amine,1.3M,242.7K
Riddhi Sharma,riddhisharma4,1.8M,244.7K
aditi_budhathoki,aditi_budhathoki,309.6K,53.2K
fettywap,fettywap,719.2K,628.9K
Diplo,diplo,6.5M,525.8K
Sheila Watko,sheilawatko,19.3K,1170
Brooke,slaviccaesar,19.4M,479.5K
Chloe Rose,chloeroseofcl,60.9M,3.9M
Twan,twan,18.9M,2.2M
Tammy Hembrow,tammyhembrow,649.5K,193.2K
sunny Rajani,yofrankay,36.5K,16.6K
spottedasians,spottedasians,26.8K,3037
Marcus Olin,marcusolin,285.8M,8.6M
vicbaldesarra,vicbaldesarra8,1.4M,141.5K
Caitlin,ktbelle24,7578,4762
Karina Merino,kaahmerino,76.4K,4445
Tastemade,tastemade,15.7M,691.9K
JohanPapz,johanpapz,5.7M,455.5K
Lauren,xoxomagboo,816.5K,62.6K
,,|,Likes.
kevingquinn,kevingquinn,3.3M,378.5K
Easy Vegan Food,nokitchenvegan,137.1K,6715
Preet_Chopra,guynextdoor01,50,98
Appolinaria,viper_tail,35.1K,3827
I ve got big honkers,on,Likes.,Fans.
Austentylerr,austentylerr,194.7K,21.3K
Sophia Talamas,sophiat24,49M,3.7M
Puberty,puberty,6.6M,232.7K
Kashi,malikkashi99,175.5K,12K
Touch My Plants,touchmyplants,3236,33.7K
Hubert Bk,20hubcio2020,67.4K,6597
Adam,hey_adam,751K,13.9K
Anime Artist,demographick,44.6M,2.1M
Ahlyssa Marie,itsahlyssa,103.9M,3.3M
with love kaden and adalynn,514K,True,Siblings
LittleMix,littlemix,5.8M,1.4M
Galdino Estudillo,g_estudillo,44.2K,1850
Munna singh,munna707,994.2K,63.8K
WE THE FIRST,wethefirst,2.2M,603.7K
Lakshmesh S,lakshmeshs77,0,0
meekaka3,meekaka3,605.7K,56.7K
Callder Griffith,calldergriffith22,3.6M,141.5K
We help refugees,refugees,1.3M,497.1K
Shandor Larenty,shandorlarenty,24.2M,2.4M
Connor and liana,connorandlianafanpage_,99.8K,19.1K
alex lin,alexlin044,107.3K,10.1K
The Telegraph,thetelegraph,1.3M,96.4K
Henriette K,kjormo,37.5M,1.4M
Lauren,greatvaluevintage,1.1M,83.4K
,july31,0,36
Tal Tom tov,tal_yomtov1,88.4K,8092
V I D I S T A R,sunshxnexaddison,14.9K,49.2K
Mel,melodramatiq,13.8M,594K
ny grant,on,Likes.,Fans.
KSI,ksi,7.9M,2M
Azael,azael_off,505.5K,38.6K
Abby,staurenglaggie,5.3M,237.1K
JAPAN SAB,japansab,2.5M,255.8K
Sarah Graysun,sarahgraysun,214.8M,4.9M
faouzia,faouziaofficial,15.2M,1.6M
Monopoly Hero Najma,najmawin,3.8M,242.6K
Aps00001,user19077929,4,0
kimberlyfransens,itskimberlyfransens,12.8K,1800
s i oviya007,TikTok,8688,Watch
Sophie Hannah,sophiehannah,3M,198.3K
cosette,cosette,36.3M,2.1M
Stelia Mann,stelia_mann,194.4K,5800
Hugo Philip,hugophilip,823.9K,135.3K
Aly De,nonsensicalfun,157.8K,40.8K
Kyra xo,kyrajamesxox,5074,40.7K
itzchebae,itzchebae,42.5K,4066
JuJu Smith Schuster,on,Likes.,Fans.
Youth To The People,youthtothepeople,79K,13.4K
Chaton,fchaaa,120K,8465
joshua david king,joshuadavidking,5.9M,152.5K
Maouno,itsmaouno,5.8M,363.3K
Kosmic Katie,kosmickush,7.4M,546.7K
,singhspiration,|,Likes.
TeamAjaydevgn,teamajaydevgn,847.9K,60.8K
7figure,7figure,384.2K,20.5K
pawspc,pawspc,86.2K,5596
Jade Chynoweth,thejadec,321.8K,110.3K
Emilio Sakraya,emiliosakraya,6.2M,342.4K
Schatz224,schatz224,77.5M,1.6M
Nathan Triska,nathantriska,557.7M,8.9M
Brooke,brookecomerr,622K,39.8K
Sam Jarman,sam_jarman,2M,216.1K
Akop Szostak,akopszostak,583.1K,56.7K
Chase Taylor,chasetaylor56,20.6K,1253
Fred Minix,fredminix,1.4M,67.1K
Ola,dancingdmd,104.4K,15.1K
Aidan Rowley,aidanrowley,86.2M,6.3M
tntstreetfood,tntstreetfood,26.3K,11.3K
jahstyen,jahstyen,865.6K,8251
JustJade,justjadely,3.1M,113.6K
Luva Mendes,luvamendes,32.8K,2976
Mahima Makwana,mahimamakwana5,1.3M,261.3K
Honey,honeywithaj,22.1M,599.1K
Mo Gilligan,mogilligan,101.1K,42.6K
kiakabaa,kiakabaa,1.9M,56.9K
julianne,julesxo,19.5M,613.9K
Neeshi Beeharry,neeshi_beeharry,72.7K,25.2K
Rahim Pardesi,rahimpardesi1,12.7M,1.2M
Trn Vn khnh,tran_khanh0342146977,50.6K,2585
Hacks and crafts,5minutecraft_1,341.6K,59.5K
Tiktok puppies,ipuppy,471.7K,52.5K
The Rock,therock,136.1M,24.9M
Christian Camacho,christiancamacho26,49K,3041
JGL TIKTOK,jgltiktok,369K,18.2K
,,|,Likes.
Gaurav Aggarwal,gauravaggarwal774,0,40
EvanRamini,evanweightlosscoaching,696.2K,37.8K
cindypaty0,cindypaty0,14.1K,1492
Jackie Fern,jackie_fern,144.6K,12K
,kingk44n,18.1K,3470
Theplasticboy,theplasticboy,483.9K,54.4K
Leilani Fang,leilanifang,19.9K,1675
Alex the Lion,alexrbsn,5.5M,336.9K
Noah Bailey,official_noahb,59.4M,1.3M
AmandaCerny,amandacerny,41.8M,8.3M
CoffeeLam,coffee89921,41K,19.3K
codyko,codyko,6.8M,1.2M
VediCheRidi,vedicheridi,24.5K,2772
Cindy,cndylvs,5.2M,107.5K
Divya agarwal,divya_agarwal4,515.4K,165.5K
Kostas Garcia,kostasgarcia,448.1K,39K
Nicole Kidman,nicolemkidman,3197,2184
louki_93,louki_93,573.7K,48.6K
MTV,mtv,31.9M,4.1M
FTGT,ftwinzgottalent,7.5M,659.7K
Veronica,vernmor20,46.6K,26.3K
Chi,only1one1me,14.6M,351K
Tennessee Titans,titans,1.8M,218.7K
Shaha Alam Dubai,alam0980,15.4K,2273
,,|,Likes.
Vidhi pandey22,twinklingstar22,1.1M,109.1K
T Pain,on,Likes.,Fans.
Andrea So,andreaso_,293.5K,60.8K
Trey Phills,tphills,4.7M,249.1K
Gwendolyn Gay,gwendolyngay,43.9K,1334
growingannanas,growingannanas,137.7K,54.4K
Yuzvendra Chahal,yuzvendrachahal,40.2M,4.9M
DrewDirksen,drewdirksen,124.5M,5.5M
Oleg,olegprotsss,14.9M,366.9K
Shane Madej,shalexandej,1.5M,360.7K
sippy gill jatt,sippygilljatt123,519K,46K
cathinwong,cathinwong,12.8K,3736
Mikey Tsilimidos,chunkygreek,12.7M,651.1K
Scott Helman,scotthelmanofficial,8722,3748
Kawaii_Cosplay,kawaiikawaiigaylo,8050,1223
Dng Duy,duongduy0404,17.4M,2.2M
TheFitnessDietitian,leanne_ward_nutrition,2.2M,139.6K
soyparrilleromx,soyparrilleromx,36.9K,28.7K
SeeMore,seemore,41.4M,1.7M
TheNelsonBoys,thenelsonboys,42.4M,1.7M
user8670430817301,lucas_simonsson92,795.5K,120.4K
Perri Kiely,perrikiely,10.2M,1M
Meezaan,meezaanj,725.6K,127.1K
Zac Efron,dailyzacefron,0,6671
We are humanitarians,ifrc,9.9M,1.5M
RadioZeta,radiozeta,384.9K,39.2K
Jaswir kaur,jaswirkaur26,624.8K,79.3K
Georgia Harrison,georgialouiseharrison,1.3M,174.1K
Mv Ryhan,mvryhan,21M,1.8M
,sergey_severinov,2.2M,149.3K
smileandtaste,smileandtaste,1.1M,106.9K
Pebbles Love,theoneandonly,1.4M,89.9K
joshua dun,joshuadun,1.5M,288K
Kirk Jay,officialkirkjay,95.4K,24.9K
thetarunsolanki,thetarunsolanki,5.5M,229.1K
Nakita Boyd,nakitaboyd,101.5K,14.3K
Brownfam_bruhh,brownfam_bruhh,1.3M,44.6K
c Anh,ducanh94,15.4M,2.4M
Tay,stroupinthroughlife,2698,1248
Damon fuqua,damon_fuqua_kentucky_guy,224.1K,24.7K
Nicole Skyes,nicoleskyesduh,24.4M,1.9M
Liverpool FC,liverpoolfc,22.1M,2.4M
anthony cervantes,covid19virus,2.6M,187.1K
HUI,vivichow2018,7.7M,554.7K
Ryan Korkos,ryankorkos1,3523,0
unnecessaryinvention,unnecessaryinventions,21.8M,912.5K
sarfaraz shaikh,ssarfaraz780,0,9
Shay and Nate,shayandnate,7.7M,288.3K
Chris Alexander,odd_chris_,35.7M,1.3M
,korea_fire_119,105.5K,18.5K
Miley Cyrus,mileycyrus,15.3M,3.5M
Lee Chapman,leebcmua,311.2K,20.1K
Pratik Doshi,pratikdoshi_1,22,40
Danielle Charmaine,daniellecharmaine,33.1K,1540
alycia marie,alyciamarie,845.1K,104K
Ms,mshumbarger,406.5K,22.5K
Sensual spiderman,sensualspiderman,633.4K,230.3K
cameronyesposito,cameronyesposito,121.1K,16.7K
ConcreteCrotchKiss,tuxedos4life,471.4K,39.8K
ybnnahmir,ybnnahmir,1.4M,223.3K
Samantha Madeleine,Madeleine,|,Likes.
mckayla,itsmckaylak,19.2K,1681
WLTMF,welovethemafiafamily,197.5K,10.9K
Zaheer Ahmed,zaheerahmed126,231,963
Asher Angel,asherangel,57.4M,4.7M
Imagine Dragons,imaginedragons,559.1K,111K
GoodLuck,goodluckofficial,30.7K,6296
faqerullah06,make_faqer_viral,123.6K,8012
Suzy,txsuzystar,3.4M,213.1K
Kim Shantal,kimberlyshantal,21.5M,2.7M
Ben Blue,benblue01,22M,561K
marius,marius28214,104.9K,4686
Sebastian Rodriguez,elsholivery,39K,9133
Omnivorous Adam,omnivorousadam,2.3M,129K
Muhammed Saidul,muhammedsaidul7,111K,9920
Alix Ortiz Elizondo,alixortizelizondo,67.5K,11.8K
Sarah Bullock,sarahbullock87,15.6K,1413
Nova Miller,novamillermusic,10.4M,978.7K
beatlesclips,beatlesclips,87.3K,11.3K
Ayo Teo,Teo,|,Likes.
Nilesh Rock,nileshrock3,16.4K,460
WalidB27,walidb27,117.2K,11.4K
Aastha chhabra,user85590769,259.1K,37.1K
,usercrel9ncvtv,8494,2412
,abby_avishag,1.2M,61.6K
,rahulbanna,|,Likes.
Graig_prd,graig_prd,5985,124.2K
uzy97,uzy97,36.4K,3270
QUEEN MAYO,pattymayonaze,5M,265.6K
Dakota e Backup,tiktokota,4.4M,342.4K
MoonCityMasters,mooncitymasters,596.6K,81.5K
Nicole,_kneeeecoal,1.8M,8403
Ovidiu Muresanu,ovidiumuresanu,344K,19.8K
SARATI,sarati,214.5M,8.1M
Slaughter_jorge,jorgeslaughter,82K,22.5K
dennism i k,TikTok,10.8K,Instagram:
Erika,erikagiannone,8.2M,308.7K
Sandra Pi,sandrapi0,215,48
riteishd,riteishd,158.4M,14.9M
YUNG BANS,yungbans,506.7K,102.6K
Cuong Nguyen,cuongngu,0,1
thelollibunny,thelollibunny,20.9K,2153
nick_pulos,nick_pulos,90.8K,24.3K
Tiana Daze,tianadaze,210.4K,22.1K
BeastEater,beasteater,257.8M,8.7M
Kami DIY,kami_diy,318.3K,37K
,vk_201,1.2M,123.3K
Lei,lei_lau,8.2M,414.5K
Ari Alvarez Tostado,on,Likes.,Fans.
Polo G,pologofficial,314.2K,133.9K
JOHNNY,_johnnyorlando,2.7M,413.5K
Kaylie Martinez,kayliekatt,13.9K,2120
Sophie Hinchliffe,mrshinchhome,415K,331K
Suziee,suzieeandzach,70.2K,7227
Rebekah Randell,rebekahrandell,222.1K,46.2K
George Diaz,realgeorgediaz,23.6K,1206
Nareshjanawa,nareshjanawa,22K,2058
southerntiesboutique,southerntiesboutique,71.5K,10.7K
Derek Days,derekdays,5.9M,450.2K
Christian Ainsworth,710_mystic,481.2K,11.9K
Isaac Stolzer Gary,on,Likes.,Fans.
DangMattSmith,dangmattsmith,91.2M,7.7M
DB,drakebell,8.7M,1.9M
Cole Howard,colehoward56,84.7K,1759
Niamh Adkins,neveadkins,8M,291.4K
dog,dog,35.9M,1.6M
Vdeos graciosos,videosgraciosos12,1.5M,142.4K
Val,valentinaoir,387.6K,13.8K
Ankush Chawla,mehar_sai_di_37,789.3K,51.6K
The BOAT,theboat1,378.4K,31K
jesken12,jesken12,101.9K,9543
Codes for creative,codes_creative,49.5K,2499
Vikas Guppta,vikasguppta,16M,931.3K
Liana,lianajadee,135.5M,3.1M
tyonabowman,tyonabowman1,7.6M,267.3K
Becky G,iambeckyg,7.1M,2.6M
Austin Zajur,austinzajurlife,2.8M,150K
sophiekasaei,sophiekasaei,745.4K,270.7K
Jukilop_oficial,jukilop2020,124.4K,24.1K
user5311553254398,us00090,12.7K,1225
,wright_kristin,|,Likes.
Bilal Saeed,bilalsaeedmusic,2M,613.8K
Tushar Udhwani,tusharudhwani4,5080,209
Gonzaa Fonseca,gonzaafonsecaca,76.9K,35.4K
ngeles Obando,angelesobando10,37.1K,3697
Mary Jane,alwayslouistomlinson,303.7K,9582
Hayley Nicole Hayes,hi_imhayleynicole,112.8K,14.4K
Shannon McCluskie,shannonmccluskie,845.8K,43K
FAHAMA87,fahama87,24.1K,5366
Holly Laing,holly_laing,3.5M,0
Damiar Krogh,on,Likes.,Fans.
Omar S Omar,omarsomar3,610.5K,77.9K
Bone Daddy Charles,poodwattle,1M,48.6K
Claire,kchh,4.9M,180.9K
King Kobe the Pup,kingkobethepup,180.7K,12.3K
Alex Sampson 3,itsalexsampson,23M,1.6M
Ash Stef,ashstef1,1.2M,67.1K
Kaur B,kaurbofficial,10.7M,902.7K
kalinakuli,kalinakuli,3.3M,103.9K
2 0 2 0,_summer_grwm,10.3K,3911
Bay F,bayd21,244.1K,2544
Ashley Benson,ashleybenson,1.6M,469.7K
LeeRod,leerodriguez_,440.5K,113.8K
Vanilla,vanillabeancream27,4.7M,149.9K
jackson odoherty,on,Likes.,Fans.
Fredo,officialfredopg,62.8K,7841
benedictpolizzi,benedictpolizzi,11.3M,395.5K
haarsh limbachiyaa,haarsh003,19.3M,3M
The Garden,thegarden,1.2M,256.6K
NickUhas,nickuhas,94.3M,7.5M
lovefromreyn,indiareynolds,413.9K,105.4K
StarFiveSix,starsixfive1,27.9K,7156
Tedy,iemtedy,26.5M,607.3K
aluna,alunasroom,752.6K,42.2K
D A V I D,davidgarverr,7410,98.7K
Joe Sugg,joe_sugg,12.4M,1.1M
Alexisren,alexisren,159.5K,166.7K
Linda Jordan,mormmom,721.3K,34.5K
RAKAMAKA FIT,rakamakafit,318.3K,55.4K
matthewmackinnon,kuwmatthew,4.7M,212.2K
Jo Lindner,joesthetic,698K,122.7K
Eleonora,elibellaaa,29M,591.1K
Max Taylor,maxemersontaylor,8.1M,365.9K
DJ Akademiks,akademiks,4.1M,272.6K
hari,xo_hari_,1.7M,365.4K
Tulsi Kumar,tulsikumar15,7.2M,878.5K
Patrick O Connor,on,Likes.,Fans.
Chris Gorges,aslbasics,242.3K,45.9K
Ben Phillips,benphillipsuk,9.9M,1.4M
yasminevans,yasminevans,70.8K,11.7K
Sony Music,sonymusic,449.5K,44.5K
sofiaalcastro,sofiaalcastro,12.2M,3.4M
pet,pet429,308.3K,16K
Yanyan De Jesus,yanyandejesus1,194.6M,6.2M
Misha G,mishagrimes99,1.2M,96.2K
Malik,malikraees1122,12.3K,1151
Ridhima Pandit,ridhimapandit25,3.8M,662.1K
Hey Depressors,iamtherealtaj,97.2M,3.3M
Priyal Popat,priyalpopat,13.9K,1969
Rachel Ratke,rachratke,7582,1974
Dolo Tonight,dolotonight,1.7M,102.6K
Conor,conorblewis,39.1K,4254
Digital Ayaan,digitalayaan,30,22
Jess x,jessxscottx,3.7M,394.2K
hopsin,hopsinisraw,238.7K,79.9K
Vishal Mehera,vishalmehera2,28,22
Damilola Strong,strong0147,14.5K,3273
Daniel Eliyahu,danieleliyahu,2M,120.4K
Yo Mama,jessicaalba,26.5M,4.9M
Sameeksha,sameeksha_sud,1.1B,23M
Shareefoneal,ssjreef,7.2M,817.4K
Govinda_no 1,on,Likes.,Fans.
Leona Cebelak,dogmom_ak,789.1K,33.9K
phillaude,phillaude,12.1M,667.6K
ALEXIS,alexisfeather,18.3M,1.7M
Josue Potter,josuepotter,64K,5486
Morgynne Jones,morgynnejones,6259,2114
x cesar777,on,Likes.,Fans.
Danny Padilla,dannypadilla,3.6M,443K
Nick,keepthefaeth,0,0
Me Poupe,mepoupenaweb,19.1K,11.6K
Manchurek Triplets,manchurektriplets,10M,671.3K
yoboyninja,yoboyninja,5M,741.1K
Fenty Beauty,fentybeauty,8.4M,626K
The Independent,independent,154.2K,11.4K
lailamariawitt,lailamariawitt,1.4M,206.8K
AHISHKA,theahishka,175.7K,28.1K
faz 78611,on,Likes.,Fans.
JULIA KONG,juliaakong,5.8M,228.1K
Leigh McCarthy,leighmccarthy02,15.7K,1490
Bambi,bambiby,18M,421.9K
Sushi the Dog,sushisaid,30.6M,2.7M
Kady McDermott,kadymcdermott,10.4M,686.6K
Mandy,jufmandy,72.3K,3197
Dan Alexander,oddanny,76M,3M
CPT Kia McCann,cptkiamccann,49.9K,33K
matteo borronii,on,Likes.,Fans.
Samthompsonuk,samthompsonuk,4.5M,538.9K
Gouda,goudadoodle,647.1K,36.8K
Yankees,yankees,505.5K,68.3K
Antonio,theonlyantonio1,1.6M,139K
Dan Mace,dannmace,1.9M,189.2K
Ilaria Perfetti,babyyyla,23.6M,478.1K
Denzel Crisp,denzelcrispy,6.4M,340.7K
The Afro Puffs,theafropuffs,3.3M,379.2K
All Time Low,alltimelow,1.4M,151.1K
BUBBLES CPH,bubblescphdk,77.6K,6721
siannisefudge,sianniseafudge,3.7M,845.1K
Kristen,happilyeverkristen,26.8K,10.7K
lianajadeefanpage,xo_lianafanpage_ox,36.9K,9116
Addy Rae,addyurdaddy,99M,2.4M
Cosmopolitan,cosmopolitan,3.6M,361.8K
HomeWhis,homewhis,130.1K,11.5K
Brittany Ramos,ninany312,11.5K,3244
Ana Rosado,anxrosa,17.3M,334.9K
VT,vt,21.1M,551.7K
Patrick Aziah,Aziah,|,Likes.
Laurent BOURGEOIS,lestwinsoff,125K,0
hi_welcum_2_chilis,hi_welcum_2_chilis,59.3K,1011
Demotivateurfood,demotivateurfood,469.4K,47.9K
Colby and Elle,colbyandelle,31.6M,1.6M
Cocorico,cocoandteam,138.2K,6801
Shannon lambley,shannonlambley,12.4K,1991
Connor McNall,connormcnall,178.6K,13K
anumoljaleel,anumoljaleel,18.5K,1186
YouTheCEO,youtheceo,406.3K,36.2K
Henoc,ey_henoc,34.2K,2764
Eve,,|,Likes.
J c n,TikTok,4258,follow
Logan Maccoy,theprincelogan,7.4M,218.7K
Yarden tuizer,yarden_tuizer,1.5M,66.4K
SkinnyFoodCo,skinnyfoodco,22.7K,2025
griffinjohnson,imgriffinjohnson,224.4M,5.8M
beno_hala_peno,beni_the_king7,36.9K,2749
Tod,tod_the_foxx,19.2M,1.9M
unicehair,unicehair,85.6K,6422
Kalen Allen,thekalenallen,800.1K,304K
YouTube Athena P,whyamihereathenap,1.3M,49.8K
Mireya Rios,mireyarios,18.8M,489K
Tobias Ernst,tobiasernst6,0,2
Devon Scott,devonscott15,1,8
alischa hyman21,on,Likes.,Fans.
Rad Dylon,Dylon,|,Likes.
Mr dono,on,Likes.,Fans.
DAmelio edits,damelio_edits4,113.2K,26K
Hanna Alzaghtiti,santahanna,1.6M,34.6K
Black Rifle Coffee,blackriflecoffee,642.8K,111K
Diego Tinoco,diegotinoco,40.4M,2.6M
Jorgie Porter,jorgieporter,863.4K,302.9K
The Skorys,theskorys,46.9M,2.1M
oj,yuhlivia,160K,9030
Samy Said,samysaidd,4.2M,306.1K
coachpkb,coachpkb,248.6K,9954
Randolph,randolphuk,990.2K,206.5K
Halley Morabito,hmorabito,432K,5815
Sanya Malhotra,sanyamalhotra,699.8K,658.8K
ponczek_endomorfik,ponczek_wk,171.7K,26.7K
Daisy Jelley,daisyjelley,13.9M,1.1M
Alesso,alesso,1.9M,260.9K
Loveyourmutha,loveyourmutha,36.7K,4106
Colie,colie1,51M,1.5M
1,1,|,Likes.
,____barti2____,892,1332
user861999851 modud,user8619998511775ahmed,60.5K,1688
Laurenwhitehousexo,laurenwhitehousexo,20.8K,4497
Salman KHAN,beiingsalmankhan,33.4K,11K
Ucharlie,ucharlie,464K,29.4K
LylCecia,lylcecia,2.3M,298.1K
bint elghafeer,on,Likes.,Fans.
Abby Roberts,abbyrartistry,376.8M,8.4M
Kal Smith,goodburgered,3.5M,511.1K
bambispiice,bambispiice,578.8K,66.5K
food masters,foodmasters,761.8K,97.8K
Dunkin,dunkin,2.1M,571.8K
Monique Black,moeblackx,722.9K,17K
Proper Tasty,propertasty,3.9M,428K
,cgirl_service,31.6M,977.1K
Andrew Curtis,_andrewcurtiss,30.8M,738.7K
jenniferanistonfan,jenniferanistonfan,386.2K,109.6K
Bailee Madisonxoxo,baileemadison,2.1M,240.7K
Leanne Everett,leanneeverett,600.3K,69.3K
Ethna Houston,ethnahouston,14.4K,1036
UNICEF India,unicefindia,6.5M,721.4K
BenHerman,benherman,39M,2M
Jake Paul,jakepaul,148.1M,10.3M
Sandy Tran,rawritzsandyx3,300.9K,34.6K
branson_tannerites,branson_tannerites,1.3M,129K
chitrangda,chitrangdas,1.8M,554.9K
Rhia,rhiaofficial,247.7M,6M
Annika Evans,annikaevans8,11.3K,3085
D amelio Sisters,on,Likes.,Fans.
samuelray,samuelrayyy,1.3M,117.5K
Bjrn Schulz,coach_bjoern,44.6K,8483
Caleb Burton,calebburton,5.9M,710K
rinceAlek,imprincealeks,1.4M,60.2K
Feisty Pets,feistypets,19.7M,1.1M
LapresaTwins,lapresatwins,156.9M,5.1M
Matt Corry,mattzworld,24.5M,1.4M
annastayziaa,annastayziaa,2.4M,231K
eloise fouladgar,eloisefouladgar,45.6M,1.8M
Sophie Jonas,sophieturnerjonas,71.2K,88.5K
Gaurav Wadhwa,gauravwadhwa4,931.5K,87.2K
Joey Sasso,joeysasso,627.6K,184.8K
Natacha Swanepoel,natachaswanepoel2,181.5K,24.4K
Zachary Ryan,zacharyyryann,72.1M,2.4M
loud lightskin,marmarjohnjohn,15.8M,383.4K
sayloko,sayloko4,44K,4582
musicbyblanks,musicbyblanks,555.1K,62.1K
Jeffrey Chang,jeffreychangofficial,24.4M,1.1M
Raj Patil,raj_patil3000,40,24
NOT,snot,447.3K,62.9K
Simra Khan,cutipie_simra,1M,108.5K
Odell Beckham Jr,objdaily,357K,87.9K
YY_Food Square,yy_foodsquare,139.2K,10.9K
Ash Magic,ashmagic,63.5M,4.3M
Hailey Bieber,haileybieber,14.8M,4.5M
pinksweatsmusic,pinksweatsmusic,16.7K,4242
Nathan Vandergunst,nathanxxxacid,205.9K,52.7K
audreymika,audrmika,28.1M,881.3K
5 Seconds of Summer,5sos,2.2M,669.5K
Officer Finn,offfinn,448.7K,53.1K
Robyn Disher,rdish_sd,104.8K,12.6K
MARLEY,marlenasojka,167.2M,6.8M
Jacqueline Jossa,jacjossa,8.2M,1.3M
spontaneous_dyslexic,spontaneous_dysle,7.6M,225.3K
treecelet,treecelet,267.4K,25.7K
MARDI,mardibarts,8M,279.4K
KyleAndJackieo,kyleandjackieo,2.2M,173.9K
JLSofficial,jlsofficial,529.3K,168.4K
Chantelle M,chantelle_m15,148.1K,13.2K
Lauren,laurenmdix,36K,1735
Urvashi Rautela,urvashirautela,72.2M,7.5M
Queen Naija,queennaija,4.3M,1M
Adam Doleac,adamdoleac,224K,27.2K
TwrecksTegan,twreckstegan,453.3K,38.8K
URBI,urboiurboi,1.6M,205.2K
Brittany S Harvey,brittanysharvey,2,7
Joshua Leyva,ohhmyyjoshh,1.6M,179.1K
mare,marescafesta,1.9M,46.2K
Nis Vaj,nisvaj81,47.4K,20.2K
Ludus,ludus_,3.8M,352.7K
I love my life,torpou,29.6K,3712
rodekruis,rodekruis,736.7K,60.1K
reenato_30,reenato_30,162.4K,12.7K
Sara Ruiz,sarajlover,58.1K,8223
JustinPagan,justinpagan,672.1K,36.5K
Javier Sanchez,javiersanchez1022,11.6K,2573
Cassie,cassieshrp,43.4M,1.6M
MADI MONROE,madi,181M,6.1M
Jasmine Chiswell,jasminechiswell,37.8M,1.7M
Amara La Negra,amaralanegraaln,135.4K,49.2K
Amber Rose,amberrosegill,7.8M,1M
PARENTS2TRIPLETS,parents2triplets,16.3M,617.4K
ThatguyDeV,devronrharris,15.3M,685.7K
Amber Jabour,amberjabour,107.9K,12.9K
King David,davidkwasi,3M,134.7K
ELIAD,,|,Likes.
Bhinda Aujla,bhindaaujla,1.4M,120.1K
ByteSquad,bytesquadhq,11M,431.3K
Anita Reddy,anitahas,36.6M,5.6M
shelbybainn,shelbybainn,1.7M,143.1K
BEAUTY TIPS,beautyinfo,2M,135.3K
blee box,bellaisntcreative,3.5M,160.5K
Dan Shay,Shay,|,Likes.
ahmad3690,ahmad36900,1.6M,166.6K
Im peskatarian Now,theejufu,650.4K,238.4K
Kalia,kuhleeuh,17.5M,826.9K
SyedAlishah1,syedalishahofficial,1.9M,238K
Lilieth Martinez,liliethvmartinez,408.9K,102.6K
MrEpicDB,mrepicdb,5.9M,316.8K
Shawnee,shawnees,5M,337.1K
Farid Chamekh1,faridchamekh,525.9K,59.4K
Renee Knight,reneeknightt,7.2M,258.6K
Colltrain,colltrain,676.2K,14.7K
Theo Wisseh,theowisseh_,4.9M,178.7K
Emily Rios,itsemilyrios,3.2M,117.6K
Mona,monaswain,16M,554.8K
Parker Kit Hill,parkerkithill,2.8M,231.9K
Lopez Fam,livinthelopezlife,31.7M,2.8M
Travis,559wanted02,306.1K,19.3K
Falco,falcopunch,150.6M,8.5M
Pentatonix,pentatonix,5.3M,1.4M
9GEEK,9geek,14.6M,751.7K
Shay Mitchell,shaymitchell,14.8M,2.6M
Alyse Anderson,alyseanderson21,1.2M,61.8K
vanillahidden,vanillahidden,114.9K,1738
Ovie Soko,oviesoko,2.5M,593K
olivia archer,xoxobaldgirl,32.1M,1.1M
Oscar Velasquez,oscarvelasquez08,649.9K,69.5K
Tastemade Indonesia,tastemadeid,495.7K,59.4K
Cameron J Henderson,thekingofweird,10.4M,1.1M
ChatBcsi,chatbacsi,56.1K,6130
Beej,bijanpousti,1M,45.3K
Tinie,tinietempah,384.6K,257.1K
Mr Nouar,on,Likes.,Fans.
OneLeggedProstitute1,protectyanecktunes,57.2K,3942
Laura Monteiro,lauramonteirodecarvalho,5489,1890
brianna foster,bbfosty,26.8M,1.1M
,kostadinkaradzhov,13.2K,2628
ronalex,ronaldronaldalex,362K,35.3K
Claires,clairesstores,82.3K,20K
colleen365gtb4c,colleen365gtb4c,133.1K,29K
The Card Guy,thecardguy,493.3M,14.2M
janvi manghani,0411jm,0,2
Maxime Dlb,maximedlb,107.4K,15.7K
murilocouto,murilocoutooficial,824.2K,519K
Ashnoor Kaur,ashnoorkaur_,22.4M,3.1M
Filmy Timeliners,filmytimeliners,23.1M,1.1M
ManlinessMaximized,manlinessmaximized,156K,13.6K
TeraLynne,thegirlcop,198.5K,28.4K
Flor Masciotra,flormasciotra,129.1K,22.4K
Daniel,danielxv_,52.9M,2.6M
Ema,emazvt,31.4K,1858
kountrywayne,kountry_wayne,120.5K,127.4K
Neha Kakkar,nehakakkar,140M,16.7M
Grittynhl,grittynhl,876.7K,100.6K
Astrid S,astridsofficial,495.3K,83.8K
nargis fakhri,nargisfakhri,371.2K,188.9K
Mia Finney,miafinney,106.1M,4M
Munya Chawawa,munyachawawa,709.1K,52.7K
Zedd,zedd,505.1K,115.1K
Lucas Scott Hanson,lucasscotthanson,4.2M,145.9K
Mason Fulp,mason_fulp,32.7M,2.7M
Satan Soul,callmedewo,539.2K,23.5K
Ayrika Dempsey,ayrikadempsey4,345.2K,35.5K
The Perfectos,theperfect0s,950.4K,84.4K
Jaycie Memmott,jaycie_nicole,77M,2M
sums,summuny,4.8M,353.5K
lux,ssirachacha,3.7M,72.3K
serena,naturaldeodorant,6.6M,96.4K
Ella Darcy,elladarcy26,5502,1636
Anwar Jibawi,anwar,69.3M,6.4M
Jordan Clark,_jordanclark,1.1M,177.2K
Billy Marchiafava,billyisterrible,252.6K,36.8K
The Chainsmokers,thechainsmokers,31.7M,1.5M
Jerry Heil,jerryheil,402.5K,39.9K
THEBLONDEJON,theblondejon,33M,1.6M
Tilly Miumahh,Miumahh,|,Likes.
Prashant Sharma,prashantsharma4569,0,0
maria mariaaa,on,Likes.,Fans.
RJ Hampton,rj,3.5M,263.3K
Erica Mauder,ericamauder,9681,1808
Yanochka,osinajana,134.6K,5780
Tyanna Green,tyannagreen_,278.8K,14.1K
Ilsa,ilsawatkins,425.1K,107.5K
Aditi Bhatia,aditibhatia,11.9M,1.6M
Aziya,itsaziya_,851.6K,48.7K
Marc Hanania,piano_hub,1.5M,136.6K
GloballyExclusiveFdn,globallyexfdn,283.5K,56K
Freeyon,freeyonc,385.4K,37.7K
,tokyodouga_official,551.4K,56.4K
Shade Zahrai,shadezahrai,270.5K,74.7K
Mike,mikesmic,432.3K,35.7K
Jace,jacechw,7673,2831
ICT_anti_nCoV,ict_anti_ncov,918K,155.9K
ayo_mango,ayo_mango,110.1K,27.9K
Jordan Johnson,jordanjtv,331.8K,26.3K
hali_na,realswaalina,8.5M,1M
Nina Hastie,nina_hastie,17.7K,4087
Austin Lane,austinlane_fit,15.1M,802.1K
Thuggums,bustinaknut,337.7K,10.7K
LazarBeam,lazarbeam,24.7M,3.4M
Lush Coventry,lushcoventry,3.1M,122.3K
VICTORIA RIVERA,bodyverafitness,1.1M,54.8K
Said The Sky,saidthesky,1.6M,120.7K
Bunny,bunnysdeath,4.2M,285K
Geena Lee Uhde,geenalee,7292,745
Shawn,shawnmendes,5.5M,3.2M
Dua Lipa,dualipaofficial,1.1M,2.1M
,hoffmancheng914,48.3K,17.6K
Landon Romano,landonromanoo,1M,281.7K
Stefano Ilary,Ilary,|,Likes.
Zhavia,zhaviaward,1.8M,448.7K
Stella Rose,stellarose62,1.5M,161.9K
shell bee mc,TikTok,9330,Hi.
Cynni Buns,cynni_buns,3M,170K
akshaykumar,akshaykumar222202,1.9M,209K
hildaspain,hildaspain,8802,2105
Yoga Before Coffee,yogabeforecoffee,152.6K,50.9K
Belle Hassan,bellehassan,807.7K,169.8K
Evie and Mal,sofia99carson,37K,2978
gronk,robgronkowski,1.7M,569.3K
Shaq The Pug,shaqthepug,45.6M,3.2M
Cherry Jain,cherryjain21,312.8K,23.1K
curvygirlcommunity,curvygirlcommunity,863.2K,96.1K
Sim,simnrx,5.8M,199.5K
Jess LucyT,on,Likes.,Fans.
louisa,louisaofficial,265.3K,80.6K
FilmyKalakar,filmykalakar,120.9M,3.3M
Brin,brinthepineapplegirl,793.2K,108.2K
Cassidy Chaplin,cassidychaplin,666.3K,28.2K
ellie,adoreliza,13M,703.1K
Sami,samicomparte,19.5M,659.6K
JESUSOMG,latinajesus,84.3M,1.8M
Holly H,hollyh,373.4M,16.7M
,son0_0,18.8M,1.3M
Kemdikbud RI,on,Likes.,Fans.
user3845027964606,familytof,21.5K,1209
Gema Garcia Guirado,gemagg04,111.2K,3415
Joyner Lucas,joynerlucas,209.4K,93.2K
Nic Kaufmann,nickaufmann,83.7M,2.6M
Mercedes W,mercedesthebest,26.6K,1291
Beckii Layhe,beckiilayhe,9483,2585
Renata e Haxi,renataehaxi,63.6K,12.5K
Stuart James Salvin,stuartjamessalvin,30.2K,5461
Overtime,overtime,540.1M,9.5M
Mia Marie,miamarie415,10.2K,1154
Igor Guimares,igorzismo,283.6K,96.3K
Szpilee,szpilee,109.5K,9354
Meer G M Panhwar,meerghulammuhamma,6358,1323
valphamentality,valphamentality,404.2K,25.3K
JoyJefferson,joyjefferson8,16.4M,598K
twixpaste,tricksterstuck,452.7K,29.2K
,matilda_rios,19.7M,680.4K
Anam Darbar,anammidarbar,197.1M,8M
danidyerx,danidyerx,677.8K,298K
princesstoysreview,princesstoysreview,6.8M,671.7K
Natalia Taylor,nataliataylorofficial,10.1M,454.2K
kamaalrkhan,kamaalrkhankrk,660K,71K
malodevijay1993,malodevijay1993,4748,176
CEO of Cameras,sawyerhartman,1.7M,156.4K
Bea foticos,beafoticos,119.5K,11.1K
Bianca Blakney,pinuppixie,7.7M,468.7K
Ferne McCann,fernemccann,1.2M,301.8K
Amos Pearce,amospearce,9.6M,466.3K
Noiel,noieliz_art,54.8K,1841
MattySmokes,mattysmokes0,1.7M,176K
Alex,alex_dosecos,11K,1263
JustJess,justjess2555,359K,52.3K
Andrea,beetje_bizar,149.9K,7781
Thomas Petrou,petroutv,240.5M,5M
myleserlick,myleserlick1,3.1M,271.7K
ChrisCrocker,chriscrockerofficial,615.2K,482.4K
Gael_mectoob,gael_mectoob,475.2K,112.2K
diamondbfilms,diamondbfilms,21.4M,1.2M
JuniorCh,juniorchocolat,8.6M,213.4K
Briah Liana,vegangayyogi,56.3K,6682
Jeii Pong,jeiipong,3.1M,406.3K
Sabrina Carpenter,sabrinacarpenter,8.4M,2.7M
Wilsonator,nilewilsonator,20M,573K
jordan,jordanroy,6.5M,318.9K
funnyanna551,funnyanna551,416.2K,62.1K
Dynamics Magic,dynamicsmagicbottle,163.2K,8256
Kevin Jonas,kevinjonas,1.9M,739.7K
SHOWPO,showpo_official,441K,52.7K
Sam BT,sambt,15M,602.8K
Itrat Khan,itratkhan_,38.8K,2643
drew,mcdrew,679.3K,75.4K
Gucci,gucci,1.2M,353.8K
Alayshia Msall State Hunter,on,Likes.,Fans.
taylor kohler,taylorkohler,48.5K,5988
Finaste nl,on,Likes.,Fans.
Mirazam Khan,mirazamkhan81,5838,1208
Konstantin Nalyotov,nalyotik,1M,76.7K
Angie Bryant Morales,angiebryantmorale,80K,5491
Mahira Sharma mau,mahirasharma,53.5M,5.6M
Saffron Barker,saffronbarker,28.8M,1.6M
liv bevan,livbev,1.6M,114.8K
Batuhan Aslan,aslannbatuhan,10.8K,1515
Isaiah,itsisaiahsir,509.3K,125.8K
mylifeintropics,mylifeintropicss,267.1K,16.9K
Jackson Michie,jackson_michie,1.9M,181.8K
Daniel Cutting,dcfreestyle,11.2M,768K
Mario,marioworldwide,204.1K,164.1K
Eleftheria Isari,eleftheriaisari,4321,1533
,user9eray2yl6x,10.6K,2062
Kevin Mac,kevinmac,642.5K,22.1K
People Are Awesome,peopleareawesome,8.1M,632.2K
caitlyn m,caitlynxmendozaa,4.5M,91.4K
ROD,elrodcontreras,498M,11M
davinchijuste,davinchi,8.8M,870.6K
Thisissarahlouise,thisissarahlouise,1.5M,81.2K
Sal Styles,salabonce,19.7M,699.9K
Princess Pia Mia,princesspiamia,4.9M,608.2K
Shashikant pedwal,shashikantbigb70,5.9M,986K
Valentina Zenere,valuzaz,2.6M,893.2K
TN69,sivanathantn69,184.2K,10.8K
jordan tate,jdanzo,358.3K,19.3K
Tasty,tasty,11.9M,1.2M
user7156718734034,reicko11,157.8K,4949
trixiemattel,trixiemattel8,1.4M,309.4K
Lillightzkin,lillightzkin,294.8K,56.1K
Robert Downey Jr,_tony_stark___,39.5K,17.4K
Selena Gomez,selenagomez,34M,18.6M
sjbleau,sjbleau,1.6M,136.7K
Alexandrea,dreyac,409.4K,49.5K
Audreen,pastelkei,1.3M,87.4K
Sterling Montt,sterlingmonett,42.2M,1.1M
Kevin Hart,imkevinhart,66.3M,15M
Hoest,hoest,48.4M,1.2M
Enzo Tais Toi,enzotaistoi,88.1M,2.6M
Canadian Red Cross,redcrosscanada,2.7M,285.6K
Liz Moody,lizmoody,1.9M,136K
g,shalynrose,10.7M,256.3K
Vitor Massarotto,vitormassarotto,167.6K,24.7K
ADDI,addisonscutepie,168.8K,36.3K
LilahAspenCharlie,perfectlyimperfectpups,10.2M,407.9K
KING CANDY,candyken,360.5M,8.5M
SHADE,shadevito,842.7K,244.5K
Maria,mariasaul7,66.3K,17.4K
,kalbi7,51.2K,6353
,loren_eliyahu11,2.1M,113.9K
Sandratzemah,sandratzemah,58.7K,3673
,roryeliza,89.5M,2.9M
Vegan Beauty Girl,veganbeautygirl,58.9K,1447
Sam Fischer,samfischermusic,106.6K,32.9K
Ang,angela19a,85.2K,15.3K
iduevagamondi,iduevagamondi,148.8K,6720
Kobe Tanevski,kobethesmoodle,2M,91.7K
Hi_im_skirmy,hi_im_skirmy,740,1513
malloryedens,malloryedens,5111,4825
Inanna Sarkis,inanna,4.8M,617.9K
Kim,kimkab,867K,25.9K
Karissa Purczynski,gainslinger,175.6K,11.2K
haley,haley_small,945.1K,10.6K
Hardeep Gill,hardeepgill24,990.5K,36.1K
Xiomi Dravica,xiomidravica,6678,1372
lily,sheshortnbrown,3.5M,74.4K
Coke Beats,cokebeats,50.1K,2086
Mahmood Rafat,mahmoodrafat0,60,32
CJ OperAmericano,operamericano,11.2M,801.8K
Chelsea Peretti,chelseaperetti,506.8K,118.8K
FontesJo,fontesjo,237.4M,5.7M
Rome Flynn,romeflynn,479.3K,107.2K
Theacefamily,theacefamily,23.3M,2.6M
Azhar,aj_khan00,434.4K,25K
Chunkz,chunkz,1.2M,320.1K
Logan,justarn9,57.6K,3516
Bharti,bhartifrozen,157.7M,12.5M
MikeBeFunny,mikebefunny,3.8M,366.7K
Hannah Ridgeway,hanridge,4.9M,250.7K
Brandi Fernandez,therealbranditv,1.3M,381.6K
kuparikettu,kuparikettu,214.5K,12.7K
yummmfoods,yummmfoods,1.1M,122.8K
Dimitri Vegas,dimitrivegas,345.3K,80.3K
Emma Hill,emmalevine96,440.3K,28.6K
Adelaine Morin,adelainemorin,9.1M,391.1K
Jason Derulo,jasonderulo,299.7M,21.1M
Trippystate,trippystateofmind,109.1K,1279
Aimee Fuller,aimee_fuller,80K,9798
Jannat0786,jannat3512060,70.5K,3668
Shaki,shakitaytay,453.5K,4364
Penlope Bravo,penelopebravo_96,4671,2276
Tsew The Kid,tsew_tk,2.7M,259.9K
Isak,isaktlb,396.5K,16.6K
Diletta Leotta,dilettaleotta,482.8K,233.2K
Marcel Klangwart,mklangwart,544,30
Sean O MAGICIAN,notseano,1.3M,134.7K
Spencer Crandall,spencercrandall,6.9M,688.8K
Md Salman,mdsalman7827,39.1K,2163
Monica Este,monicest,10.5K,5496
Kaitlyn Bristowe,kaitlynbristowe,555.8K,146.4K
Aastha Arora,idli28,0,24
Shawna,shawna_diggy,169.7K,6037
Nash Grier,nashgrier,4.4M,426.6K
ViceGrips EskimoKidd,on,Likes.,Fans.
Bhuvan Bam,bhuvanbam,5.5M,3M
Cecilie Lind,clind1,2.8M,203.5K
Hannah Rose,hannahrosekip,145.7K,3688
Khyati Madaan,khyatimadaan,0,65
mavardi,mavardi,6M,389K
Matthew Ryan,Ryan,|,Likes.
YouTube Marvelous7,boyb__,6.1M,296.2K
Friends Stories,friendsstories,8.7M,699.8K
Laisa Mayer,laisamayer,20.3K,3729
Bobby White,monkeyboidagreat,700.7K,60.4K
SnewJ,snewj_,2.8M,225.1K
sam i am,xoxosamyo,24.8M,670.1K
viennaskye,viennaskye,21.4M,639.3K
Brent Rivera,brentrivera,739.2M,27.7M
Governo de So Paulo,governosp,50.5K,17.7K
Clarissa,clarissadiokno,21.8K,616
Chantel Jeffries,chanteljeffries,6.5M,801.7K
Emma Annelinde,emmagrnde,2M,54.4K
Desi Music Factory,desimusicfactory,13.8M,1.2M
duetmaster 043,asimriaz043,486.2K,8820
Issey Moloney,isseypovs,33.6M,1M
Mua Zee,mua_zee_3,808.2K,136.6K
GiannisAntetokounmpo,giannis_an34,5.1M,976.6K
Sahil anand,sahilanand1012,105.8K,20.2K
Tory Lanez,torylanez,4M,1M
AMAX TrungAnh,amax96,30M,2.8M
Kimmarisa_12,kimmarisa_12,3856,896
,gev_mua,112.6K,23.5K
Tnq Vyy,tuongvyy,71.9M,5.6M
maresclop,maresclop,10.1M,543.3K
MissEvil,missevil7,3.7M,311K
your cute box gf,kaizatron,7.8M,225.6K
ARIn,apextea,2.3M,56.8K
Anela,anela_nala,364.6K,14.5K
Thais Marcondes,thaismarcondes,54.5K,15.9K
Eduardo Neves,eduardonevesakapintin,27.2K,2252
Danielle Rocha,daniellecsrocha,12.8K,4185
Larissa DSa,larissa_wlc,761.2K,83.6K
kozico0914,kozico0914,5M,1.3M
Montpantoja,montpantoja,99.7M,4.4M
tiktok creators,tiktokcreators,228.9K,195.5K
Anita,anita_yannick,1.3M,69K
KeilidhMua,keilidhmua,44.5M,1.8M
yilmazsisters,yilmazsisters,149.2K,29.7K
Celebs,celebs,24M,1.8M
Jolien en Jenno,jolien_jenno,692K,26.4K
Dca Mahani,_decca_,5.5M,664.9K
Diogo Gomez,diogogomezreal,11.4M,712.1K
Meghan Trainor,meghantrainor,38.7M,5.7M
Deesa_no_Raja_301,rj_rana_2020,126.6K,12.7K
Viviana Flores Castr,vivianafloresc,48.3K,3300
Zaheer Ahmed,zaheerahmed419,0,0
Brianna,roeselbrianna,15K,6334
Rajya,rajyaatluri,309.9K,17.3K
Sammi Brondo MS RD,veggiesandchocolate,1.5M,79.9K
Poppy golland,poppygolland2,6753,58.6K
MattScharff,mattscharff,6.1M,240.4K
Moira,mannequindude,19.7M,286K
Andrea,si_sono_andrea,1.2M,88.8K
Bombilfry,bombilfry,8,50
ADM3 FBTI_MELINA,on,Likes.,Fans.
The Warp Zone,thewarpzone,1.6M,129.6K
,feras1986,346.6K,48.1K
ShannonStockman,lasagnayummy,416.4K,5871
braydengauci,braydengauci,92.1K,6314
E Georgi,elge0rgie,57.3K,6164
Tony And Kylie,tonyandkylie,565.6K,8854
Lior Yakubov,lior_yakubov,34.8K,2396
Maya,maya_alexander1,255.4K,24.1K
Rism,spiiderology,1.5M,130.8K
nadinegerloff,nadinegerloff,4837,2769
DVICIO,dvicioficial,119.1K,54.7K
Jetpack Jay,jaygotajetpack,4.9M,130K
Lennon Stella,lennonstella,235.1K,78.5K
giuliabiscetti,giuliabiscetti,26.6K,1416
Eva Gutowski,mylifeaseva,53.6M,5.4M
Matze Knop,matzeknop,74.8K,10.8K
Jasmine Lorimer,jasminelorimer,1.4M,83.2K
Ellie Zeiler,elliezeiler,91.3M,3.8M
g_eazy,g_eazy,650.5K,275.2K
zahra,muslimthicc,69.1M,2.6M
hoodie allen,hoodieallen,113K,33.8K
tiana_kaylyn,tiana_kaylyn,92K,18.4K
Rita Ora,ritaora,1.6M,685.2K
Samantha Kingsley,samanthakingsley,28.8K,9241
Arjun Kanungo,arjun_kanungo,13.6M,1.5M
Mina aktermeg,megla15,158.8K,5633
Kadance and Maggie,kadance_maggie,35.2K,8123
STEEERLING,steeerling,12.1M,409.9K
Nat Alise,natalise,52.3M,929.8K
angel,angel5201,23,15
RUBIITO,rubiitoficial,5.4M,303.7K
Patrick huston,patrickhu5ton,6M,524.3K
francocabrera,francocabrerafc,385K,216.8K
MONU PATEL,monupatel444,850.5K,64.6K
SHIGGY,theshiggyshow,426.8K,77.2K
Larry Bourgeois,lestwinson,310.5K,194.6K
lil_ouss,lil_ouss_99,143.9K,4585
Rils,dontgetdistracted,234.6K,55.7K
Nicole Roar,nicole_rohrer,51.8M,852.1K
Mel Dancer,mel_dancer_2,134.9K,14.2K
Miahaywardd,miahaywarddd,37M,1.4M
Ironjawz 74,ironjawz74,55.8K,6998
__,wisdomiswaytocool,965.6K,31.3K
Pierson,piersonwodzynski,64.8M,2.7M
RaeLynn,raelynnofficial,1.4M,294.6K
Soph,sophieeclough,1.2M,87.3K
LaRon,laronhinesofficial,24.3M,888.3K
Tatiana Velez,velez0722,113.9K,14.3K
Laura Bell Bundy,laurabellbundy,315.9K,39.7K
Twins Style,twinsstylee,142.8M,4.9M
Katie Hart,katiehart80,119.7K,7444
George,georgegaraway,37.9M,884.2K
r,albina666,492.5K,9542
Haley Geiger,misshaleymichelle,3.2M,190.5K
Griffin Frenchie,griffinfrenchie,44.4M,3M
Rebecca Dugdale,rebeccadugdale,55.1K,6013
Kapil Sharma,kapilsharma,19.4M,3.4M
Travel Escapes,travelescapes,291.9K,21.9K
Dad,begreat08,2.8M,132K
Danna Paola,dannapaola,22.8M,6.6M
Best TikToks,bantervids,51.6K,12.3K
joshuasamuelcutting,joshuasamuelcutting,258.8K,23.2K
SAINT JHN,saintjhn,1.6M,190.8K
The Slump God,_skimask,1.1M,421.8K
daniellamonet,daniellamonet,878.2K,182.7K
Shamshuddin Shaikh,shamshuddinshaikh3,590K,27.7K
Profile,primark,785.3K,83.9K
FreckledHobo,freckledhobo,8.3M,723.9K
Czarek Jwik,czarekjozwik,1.8M,214.5K
Leo Mahalo,leomahalo,85.7M,3.5M
Daddy Lemons,maegan_lemons,4.6M,183K
ZAAN KHAN,zaankhan01,430.7K,46.1K
Ajooyung_15,ajooyung_15,646.2K,31.8K
luketroytrotman,lukettrotman,7M,1.1M
Enrique Loaiza Balam,enriquebalamloaiza,22.4K,100K
Ryan Shakes,itsryanshakes,161.9M,5M
katedoeskosplay,katedoeskosplay,177.9K,10.8K
Jack Whitehall,jackwhitehall,968.5K,315.5K
TrueMino,latinmino,57.1K,3381
5 Minute Crafts,on,Likes.,Fans.
anna x,annaxsitar,61.5M,962.8K
JEN ATKIN,jenatkinhair,843.6K,64.6K
it s Ta nim,on,Likes.,Fans.
maureennaudts,maureenalexandranaudts,22.3K,3493
Matt Shaver,mattlikestolaugh,1.4M,38.1K
Bruno Mars,brunomars,11.4M,3.2M
extraordinaryjayy,extraordinaryjayy,9.7M,658.8K
So what,imcharlisister,4M,486.6K
Mistah Islah,mistahislah,270K,27.8K
Maverick Baker,maverickbaker,526.3M,12.7M
loudluxury,loudluxury,13.9K,23.7K
Wengie,wengie,71.8M,5.1M
Lennon,lil_lennon,494.6K,16.5K
Mothership sg,on,Likes.,Fans.
Marie,marietmp,22.3K,3302
FC,videosforfamousperson,162.5K,35.9K
Mohit Malhotra,mohitmalhotra99,957K,134.3K
Aunty Donna,auntydonna,3.2M,216.8K
Alicia Keys,aliciakeys,5.8M,2.2M
irisa,irisashannon,13.1K,4308
Heart,thisisheart,47.1K,12.7K
Daisykeech,daisykeech,110.2M,5.3M
Yo Yo Honey Singh,yoyohoneysingh,48M,6.2M
JsMne,kingjazzmeen,65.8K,2413
P V R C i n e m a s,pvrcinemas,5.6M,643.1K
Pelicansnba,pelicansnba,3.1M,352.1K
Sufyan Naeem,sufi_meza,118.1K,3170
RHEGAN777,rhegan777,45.8M,1.6M
gulive_officiel,gulive_officiel,9.8M,438.4K
JACQUELINE,jjjacquelinef143,122.1K,36.1K
Sho Madjozi,shomadjozi,959.4K,252.4K
Iamzoie,iamzoie_,2.6M,542.9K
lily,ultravioletlily,420.8K,24.6K
PIB India,pib_india,5.5M,557.5K
Tanisha Coetzee,tanishacoetzee,46.4M,2.6M
Fernanda Gonzalez,fernandagonzalez45,5007,2579
kelsey,fatherkels,136.4K,57.3K
Ryan,xryancampbelllx,0,18.3K
Mae Muller,maemuller_,86K,15.3K
Arjun Sharma,arjun__him007,0,10
stitch guy,ebatamang123,21.8K,2337
Gabrielle Alexis,gabxxrielle,25.2M,1.8M
Kelvin Marvin,Marvin,|,Likes.
Cristy Davis,cristydavis,2.7M,131.7K
jayo,jayo,23.9M,1.3M
Kate Salm0n,katesalm0n,21.6M,717.2K
Miryam Gadiel,miryamgadiel,810.9K,64.6K
marshmello,marshmellomusic,107.7M,14.2M
Dimitris Kad,dimitriskadd,92.4K,21.6K
World Health Organization WHO,who,7.4M,2.2M
Kiera Bridget,kiera,58M,3.3M
Kyle Deutsch,kyle_deutsch,9453,2766
Pat and Alex,patnalex,12.1M,447.2K
Jinny Ann,jinnyann,6.1M,239.9K
TrashCaulin,trashcaulin,7.5M,335.1K
Carly Compton,paradisefitnesswithcarly,82.5K,6048
Mr President,mrpresidentstiktok,14.6M,855.7K
CapitalOfficial,capitalofficial,13.1M,670.1K
Tresha Bucktowsing,treshabck,7120,1428
Madison Beer,madisonbeer,87.1M,9.6M
Winkie Lai,winkielaimeiyin,9664,2890
A L E X I A,lexdelvalle,18.7M,468.8K
Krystian Zitkowski,zietkowsky,68.5M,3.2M
it me,abbyspamstuff,27.4M,785.7K
PRINCE,princeedacomedian,587.2K,15.8K
elliavrram,realelliavrram,3.6M,486K
4ocean,4ocean,984.3K,78.2K
Erika Costell,erikacostell,8.6M,871.2K
