Collection ID,Collection Name,Collection URL,Artist Name,Artist URL,Date Added
Q29sbGVjdGlvblR5cGU6MjkzNQ==,Autoglyphs,https://opensea.io/collection/autoglyphs,,,2021-09-16 17:28:39.836724
Q29sbGVjdGlvblR5cGU6MTU3OTQ0Ng==,Dapper Dinos NFT,https://opensea.io/collection/dapperdinosnft,,https://opensea.io/__OS__PristineBenignTuatara,2021-09-16 17:28:39.836724
Q29sbGVjdGlvblR5cGU6MTU2OTI1MQ==,PEACEFUL GROUPIES,https://opensea.io/collection/peaceful-groupies,PEACEVOID_DEPLOYER,https://opensea.io/PEACEVOID_DEPLOYER,2021-09-16 17:28:39.836724
Q29sbGVjdGlvblR5cGU6MTI5MzU=,BCCG,https://opensea.io/collection/bccg,Bondly,https://opensea.io/Bondly,2021-09-16 17:28:39.836724
Q29sbGVjdGlvblR5cGU6MTQwNTA1Mg==,Axolittles,https://opensea.io/collection/axolittles,,https://opensea.io/__OS__OptimalClassicLabrador,2021-09-16 17:28:39.836724
Q29sbGVjdGlvblR5cGU6Nzg5NTI5,ACK Unique Editions / 1 of 1's,https://opensea.io/collection/alpha-centauri-kid,AlphaCentauriKid,https://opensea.io/AlphaCentauriKid,2021-09-16 17:28:39.836724
Q29sbGVjdGlvblR5cGU6MTU1OTE=,sgt_slaughtermelon,https://opensea.io/collection/sgt-slaughtermelon,sgt_slaughtermelon,https://opensea.io/sgt_slaughtermelon,2021-09-16 17:28:39.836724
Q29sbGVjdGlvblR5cGU6MTA0OTgwNQ==,weape24,https://opensea.io/collection/weape24,24px,https://opensea.io/24px,2021-09-16 17:28:39.836724
Q29sbGVjdGlvblR5cGU6NDY4NDAw,Inertial Moment,https://opensea.io/collection/inertial-moment,deckard,https://opensea.io/deckard,2021-09-16 17:28:39.836724
Q29sbGVjdGlvblR5cGU6NjE1ODg5,Pulsquares,https://opensea.io/collection/pulsquares,,,2021-09-16 17:28:39.836724
Q29sbGVjdGlvblR5cGU6MTAwNzQwOQ==,Chiptos,https://opensea.io/collection/chiptos,gaperartvault,https://opensea.io/gaperartvault,2021-09-16 17:28:39.836724
Q29sbGVjdGlvblR5cGU6NzI5NjY0,DystoPunks V2,https://opensea.io/collection/dystopunks-v2,Dekadente,https://opensea.io/Dekadente,2021-09-16 17:28:39.836724
Q29sbGVjdGlvblR5cGU6MTY0NjU2Nw==,Jadu Jetpack,https://opensea.io/collection/jadu-jetpack,,,2021-09-17 09:20:30.149533
Q29sbGVjdGlvblR5cGU6NTE4OTk2,BAYC Honorary Members,https://opensea.io/collection/bayc-honorary-members,BoredApeYachtClub,https://opensea.io/BoredApeYachtClub,2021-09-17 09:20:30.150535
Q29sbGVjdGlvblR5cGU6ODQyNDUx,Redemption - Generative Art,https://opensea.io/collection/redemption-nft,,https://opensea.io/__OS__MarriedKnowingUakari,2021-09-17 09:20:30.150535
Q29sbGVjdGlvblR5cGU6MTI0ODU1Mw==,Sappy Seals,https://opensea.io/collection/sappy-seals,SappySeals,https://opensea.io/SappySeals,2021-09-17 09:20:30.150535
Q29sbGVjdGlvblR5cGU6MTUxODQ4Mg==,Omnimorphs,https://opensea.io/collection/omnimorphs,omnimorphs_deployer,https://opensea.io/omnimorphs_deployer,2021-09-17 09:20:30.150535
Q29sbGVjdGlvblR5cGU6NDE0OTY=,Art Blocks Factory,https://opensea.io/collection/art-blocks-factory,ArtBlocks_Admin,https://opensea.io/ArtBlocks_Admin,2021-09-17 09:20:30.150535
Q29sbGVjdGlvblR5cGU6NzgzOTg4,The Doge Pound,https://opensea.io/collection/the-doge-pound,,https://opensea.io/__OS__SilkyMilitaryAkita,2021-09-17 09:20:30.150535
Q29sbGVjdGlvblR5cGU6MTQ5NTgyMw==,Explosion of Color by AIIV,https://opensea.io/collection/explosionofcolor,AIIV,https://opensea.io/AIIV,2021-09-17 09:20:30.151537
Q29sbGVjdGlvblR5cGU6MTQ4MDI=,0xmons,https://opensea.io/collection/0xmons-xyz,xmon.eth,https://opensea.io/__OS__PumpkinGrouseOfWill,2021-09-17 09:20:30.151537
Q29sbGVjdGlvblR5cGU6OTkwNTY1,Mandelbrot Set Collection,https://opensea.io/collection/mandelbrot-set-collection,Fractal_Dimension,https://opensea.io/Fractal_Dimension,2021-09-17 09:20:30.151537
Q29sbGVjdGlvblR5cGU6MTM4MDcwNw==,CryptoPochi,https://opensea.io/collection/cryptopochi,CryptoPochiDeployer,https://opensea.io/CryptoPochiDeployer,2021-09-17 09:20:30.151537
Q29sbGVjdGlvblR5cGU6OTU0Njc4,0N1 Force,https://opensea.io/collection/0n1-force,0N1Force,https://opensea.io/0N1Force,2021-09-17 09:23:09.500932
